id_orden,fecha_inicio,fecha_fin_plan,fecha_fin_real,maquina,producto,turno,cant_plan,cant_prod,defectuosas,horas_parada,mp_disponible,temperatura
OP-0383,2026-03-31,2026-04-06,2026-04-08,m4,p-03,Noche,1600,1544,28.0,0.6,No,30.5
OP-0398,2026-07-28,2026-08-03,02/08/2026,M-02,P-01,Tarde,500,472,7.0,1.1,si,33.2
OP-0352,2026-07-28,2026-08-03,2026-08-04,M-01,P-01,Tarde,1100,1063,16.0,0.0,Si ,33.4
OP-0391,2026-04-28,2026-04-30,2026-04-30,M-03,P-03,Mañana,1300,1287,57.0,1.0,Sí,"34,3"
OP-0200,2026-07-29,31/07/2026,2026-08-01,M-02,p-01,Mañana,1100,1066,10.0,"5,5",SI,34.3
OP-0171,2026-04-23,2026-04-28,30/04/2026,m-02,P-01,noche,1200,1135,11.0,"5,3",Sí,"30,0"
OP-0394,2026-06-11,2026-06-14,2026-06-20,M-3,P-04,Tarde ,1600,1584,63.0,16.2,No ,"33,3"
OP-0054,2026-06-01,2026-06-04,2026-06-05,M-03,P-05,Mañana,1600,1517,70.0,"4,5",si,"35,6"
OP-0360,11/03/2026,2026-03-17,2026-03-18,M-03,P-04,Noche,1600,1574,92.0,3.2,Si ,35.4
OP-0190,08/05/2026,2026-05-14,13/05/2026,M-01,P-02,Tarde,1600,1581,28.0,2.4,Sí,30.3
OP-0268,2026-03-31,02/04/2026,2026-04-04,M-1,P-02 , noche,1600,1592,,"0,9",Si ,"32,8"
OP-0316,21/05/2026,25/05/2026,2026-05-25,M-02, P-01,Tarde ,700,688,16.0,"3,5",S,31.2
OP-0382,2026-07-23,29/07/2026,2026-07-30,M-04,P-04,Mañana,700,664,11.0,2.1,Si ,33.9
OP-0138,2026-04-15,2026-04-18,2026-04-18,M-02,P-01,Tarde,1600,1541,26.0,1.0,SI,31.5
OP-0235,2026-06-02,2026-06-08,2026-06-09,M04,P-03,Noche,1800,1693,25.0,"2,2",SI,30.1
OP-0272,2026-07-16,2026-07-18,2026-07-20,M-01,P-02,Noche,800,745,15.0,4.3,Sí,"31,3"
OP-0196,2026-07-14,2026-07-18,2026-07-16,M-01,P-01,Tarde,500,493,7.0,1.7,SI,31.7
OP-0211,2026-04-16,2026-04-22,2026-04-24,M-03,P-03,Noche,1400,1324,68.0,"4,8",Si ,33.1
OP-0071,2026-03-04,06/03/2026,2026-03-05,M-01,P-02,Tarde,1000,975,14.0,"1,8",Si ,31.1
OP-0312,2026-03-09,2026-03-14,12/03/2026,M02,P-01,Mañana,1500,1466,19.0,1.3,Si ,"92,5"
OP-0279,2026-08-13,2026-08-18,2026-08-18,M-04,P-04,Tarde,1800,1781,26.0,1.1,SI,"29,5"
OP-0282,2026-05-14,2026-05-18,2026-05-18,M-01,P-02,Mañana,800,767,10.0,2.8,SI,32.5
OP-0321,2026-04-14,2026-04-18,2026-04-18,M-04,P-05,Mañana,1100,1088,9.0,2.4,S,"30,5"
OP-0347,2026-07-08,2026-07-11,2026-07-08,M-04,P-04, mañana,600,592,5.0,"1,5",S,"31,1"
OP-0175,2026-03-31,2026-04-06,2026-04-10,M-01,P-01,Mañana,1000,989,19.0,9.2,no,"31,4"
OP-0031,2026-06-30,2026-07-05,2026-07-06,M-03,p-04,Manana,1300,1281,59.0,0.0,NO,34.8
OP-0114,2026-03-19,2026-03-23,2026-03-24,M 03,P-03,Tarde,1000,978,55.0,0.2,si,35.6
OP-0244,2026-07-02,2026-07-04,2026-07-09,M-03,P-04,Mañana,500,478,25.0,16.1,si,37.0
OP-0323,2026-03-18,2026-03-23,2026-03-25,m-02,P-01,NOCHE ,1500,1495,24.0,"3,2",No,32.3
OP-0267,2026-04-27,2026-04-30,2026-04-30,M-02,p-01,tarde ,1800,1699,19.0,"0,4",Si ,33.2
OP-0203,2026-06-04,2026-06-06,06/06/2026,M-02,P-01,Noche,1100,1054,17.0,0.6,SI,"28,3"
OP-0292,2026-04-02,2026-04-05,2026-04-07,m1,P-02,Tarde,700,699,17.0,"3,8",S,87.4
OP-0199,2026-04-07,2026-04-11,2026-04-11,M-01,P-02,Mañana,1100,1065,32.0,2.9,Sí,"30,9"
OP-0202,2026-03-25,2026-03-30,2026-03-30,M-04,P-03,Tarde,1000,975,9.0,1.8,No,"32,6"
OP-0021,2026-07-08,2026-07-11,2026-07-12,M-03,P03,Noche,1700,1690,74.0,4.6,Si ,34.2
OP-0387,2026-04-10,2026-04-15,2026-04-18,M-03,p-05,Tarde,700,676,36.0,9.2,si,"33,6"
OP-0366,2026-04-02,2026-04-04,2026-04-05,M-02,P-02,Mañana,800,746,9.0,"7,2",Si ,
OP-0189,2026-08-05,2026-08-10,13/08/2026,M-03,P-03, Tarde,1200,1160,,0.9,,33.1
OP-0147,2026-06-05,2026-06-08,2026-06-08,M-02,P-01,noche,700,676,10.0,"1,4",si,"32,9"
OP-0102,2026-03-02,2026-03-05,2026-03-08,M-03, P-04, mañana,900,887,45.0,8.7,SI,33.8
OP-0208,2026-03-26,2026-03-28,2026-03-30,M-03,P-04 ,Mañana,1600,1509,71.0,4.1,Si ,35.0
OP-0206,2026-03-17,2026-03-22,2026-03-24,m1,P-01, Tarde,1200,1144,13.0,"2,3",si,32.0
OP-0317,12/06/2026,2026-06-18,2026-06-20,M-02,P02, mañana,700,665,8.0,5.1,S,"34,0"
OP-0174,2026-05-18,2026-05-22,19/05/2026,M-04,P-03, Tarde,1800,1769,27.0,0.9,S,30.8
OP-0061,2026-07-15,2026-07-18,23/07/2026,M-03,P-04,TARDE,1500,1421,58.0,"14,2",si,"33,9"
OP-0357,20/07/2026,2026-07-25,2026-07-29,M-03 ,P-04,Tarde,700,697,28.0,6.1,si,34.6
OP-0154,2026-05-25,2026-05-27,2026-05-29,M-03,P-03,Noche,800,754,30.0,6.3,SI,"35,2"
OP-0075,2026-04-08,2026-04-11,11/04/2026,M-01,P-02,Noche,1100,1050,19.0,"3,3",si,33.0
OP-0330,2026-04-15,2026-04-18,2026-04-18,M-02,P-02,Noche,1800,1761,31.0,3.2,Sí,"33,7"
OP-0118,2026-08-14,19/08/2026,2026-08-19,M-03 ,P03,Mañana ,700,665,24.0,9.7,si,"34,7"
OP-0197,2026-03-30,03/04/2026,2026-04-03,M-03,P-03,Tarde,1300,1233,,2.5,si,35.0
OP-0241,11/05/2026,2026-05-13,2026-05-13,M-04,P04,Mañana ,800,772,13.0,"1,0",Si ,"33,5"
OP-0008,24/03/2026,2026-03-30,2026-03-29,M04,P-04,Noche,1100,1062,17.0,2.8,Sí,34.9
OP-0222,2026-03-06,2026-03-08,2026-03-08,M-02,P-02,Noche ,1700,1584,18.0,0.9,SI,"31,6"
OP-0166,2026-03-17,21/03/2026,2026-03-21,M-02,P-02,Tarde,900,876,8.0,1.8,SI,28.6
OP-0289,2026-08-07,2026-08-12,2026-08-12,M-03,P-05,Tarde,1500,1445,58.0,"0,9",SI,"35,0"
OP-0058,2026-06-15,2026-06-19,2026-06-20,M-03,P-03,Tarde,900,851,41.0,"0,6",Sí,36.1
OP-0400,2026-08-04,2026-08-07,2026-08-08,M-02,P-01,Mañana,1700,1585,24.0,"7,4",si,30.9
OP-0125,2026-05-07,2026-05-11,2026-05-13,M-01,p-01,MAÑANA,1400,1368,23.0,,SI,31.8
OP-0384,2026-04-23,2026-04-28,2026-04-28,m-02,P-02,Tarde,1300,1217,29.0,2.1,SI,30.7
OP-0088,2026-04-13,2026-04-16,2026-04-16,M02,P-01,Noche ,1500,1403,27.0,2.5,si,"30,3"
OP-0022,2026-08-07,13/08/2026,2026-08-13,m-02,P-01,Mañana,1000,999,18.0,"1,5",SI,"32,9"
OP-0015,2026-07-02,2026-07-08,2026-07-08,M-02,P-01,Mañana,800,782,6.0,2.8,SI,32.0
OP-0040,2026-05-07,2026-05-11,2026-05-11,M-03,P-04,Tarde,1100,1087,41.0,2.9,SI,35.2
OP-0219,2026-07-22,2026-07-26,24/07/2026,m4, P-05,Noche,1400,1308,15.0,0.7,S,30.1
OP-0057,2026-05-14,2026-05-17,2026-05-20,M-02,P-02,tarde,900,893,10.0,3.8,,33.5
OP-0309,2026-05-18,2026-05-23,2026-05-22, M-01 ,p-01,Tarde,600,599,,1.8,Sí,32.8
OP-0277,2026-07-22,2026-07-28,2026-07-29,m-02,P-02,Tarde,500,484,7.0,"1,4",Sí,"33,4"
OP-0180,2026-06-22,2026-06-24,2026-06-28,M-03,P-05,Tarde,1700,1612,65.0,9.2,Si ,"33,7"
OP-0032,2026-08-12,2026-08-15,14/08/2026,M-04,P-04,Noche,500,478,9.0,"1,7",Sí,"89,2"
OP-0271,2026-03-09,2026-03-15,2026-03-15,M-01,P-02,Mañana,1800,1794,33.0,0.5,Sí,30.5
OP-0239,2026-03-09,2026-03-12,2026-03-12,M-01,p-01,TARDE,800,778,16.0,"2,6",Si ,32.4
OP-0251,2026-05-29,2026-06-03,2026-06-05,m-03,P-03,Manana,500,488,26.0,3.6,S,33.2
OP-0280,18/06/2026,2026-06-21,2026-06-22,M-04,P-03,Mañana,1100,1070,15.0,1.8,S,"34,8"
OP-0191,06/05/2026,2026-05-08,2026-05-08,M-04,P-03,Tarde,1000,951,15.0,3.0,Sí,
OP-0201,2026-04-15,2026-04-20,2026-04-21,M-04,P-04,Noche ,1100,1062,18.0,"0,7",si,"31,0"
OP-0215,08/04/2026,2026-04-12,13/04/2026,M-03,P-03,Mañana,500,476,20.0,9.1,SI,33.2
OP-0136,2026-07-10,2026-07-14,2026-07-15,M-01,P01,Mañana,1500,1452,26.0,"3,9",Si ,31.8
OP-0363,2026-05-19,2026-05-23,22/05/2026,m-01,P-02, Tarde,1300,1267,24.0,"3,2",,30.9
OP-0275,2026-06-25,2026-06-27,01/07/2026,m-03,P-05,Noche,1200,1192,44.0,9.9,si,"31,3"
OP-0156,24/06/2026,2026-06-28,2026-06-29,m-03,p-03,tarde,1500,1405,73.0,"1,0",Sí,34.1
OP-0403,2026-07-06,2026-07-08,2026-07-07,M-04,P-03,Mañana,600,587,11.0,1.5,Sí,31.9
OP-0208,2026-03-26,2026-03-28,2026-03-30,M-03,P-04 ,Mañana,1600,1509,71.0,4.1,Si ,35.0
OP-0130,2026-08-12,2026-08-15,18/08/2026,M-3,P-05,Tarde ,500,468,27.0,4.1,NO,35.0
OP-0105,15/05/2026,2026-05-21,2026-05-22,M-04,P-05,Mañana ,700,663,9.0,"6,0",Si ,30.3
OP-0348,17/06/2026,19/06/2026,2026-06-19,M-01,P-02,Mañana,700,670,12.0,"2,2",S,"31,4"
OP-0248,2026-07-06,2026-07-12,16/07/2026,M-2, P-01,Noche,1000,980,15.0,1.7,No ,"33,7"
OP-0412,2026-07-22,27/07/2026,27/07/2026,M-3,P-03,Tarde,1800,1781,80.0,"0,2",si,"34,1"
OP-0269,2026-03-27,29/03/2026,29/03/2026,m-01,P-01,Noche,1000,931,25.0,0.4,Si ,32.1
OP-0260,2026-04-06,2026-04-08,2026-04-12,M-03,P-03,Mañana,800,746,44.0,"7,1",si,32.3
OP-0062,2026-04-10,2026-04-14,2026-04-14,M-2,p-02,Mañana,1400,1325,23.0,3.5,Si ,30.6
OP-0385,2026-04-28,2026-05-03,2026-05-02,M-02,P-02,Mañana,1100,1056,15.0,2.1,SI,31.5
OP-0055,2026-06-26,2026-07-01,2026-07-03,M-03, P-05, mañana,1500,1486,,1.1,no,"33,3"
OP-0350,2026-03-30,2026-04-02,2026-04-02,M-01,P-01,tarde,700,680,13.0,"2,7",Si ,"29,4"
OP-0056,2026-05-21,2026-05-24,2026-05-23,m4,P-05,Mañana,1300,1277,19.0,"2,5",SI,30.3
OP-0414,2026-07-06,2026-07-10,2026-07-11,m4,P-03,tarde ,1500,1417,20.0,1.2,S,"30,7"
OP-0404,2026-03-18,22/03/2026,2026-03-21,m-01,P-02,Tarde,1300,1226,22.0,2.1,Sí,"94,8"
OP-0042,2026-07-27,2026-07-30,2026-08-01,M-04,P05,Manana,500,473,8.0,"0,5",no,"31,4"
OP-0297,2026-08-06,2026-08-11,2026-08-12,m-04,P-05,tarde ,1000,962,7.0,"2,4",No ,"30,4"
OP-0017,10/08/2026,2026-08-13,13/08/2026,M-03,P-04,manana,600,566,24.0,"6,2",Si ,"34,7"
OP-0377,2026-05-27,2026-06-01,2026-06-02,M-04, P-05,Mañana,1300,1298,24.0,3.4,Sí,33.5
OP-0278,2026-03-24,2026-03-28,2026-03-28,m 02,P-02,tarde ,1100,1029,17.0,2.5,S,31.8
OP-0230,2026-03-25,31/03/2026,2026-04-03,m1,P-02,Mañana,1300,1290,28.0,4.8,No,"31,9"
OP-0238,2026-07-16,2026-07-21,,M-04,P-04,Mañana,900,883,12.0,"2,7",no,"36,3"
OP-0270,2026-03-31,2026-04-06,2026-04-05,M-1,P-01,Tarde,800,796,21.0,0.8,SI,31.0
OP-0332,2026-05-27,2026-05-30,2026-05-30,m-01,P-01,Mañana,1000,950,20.0,3.8,Sí,"32,8"
OP-0375,18/03/2026,2026-03-21,2026-03-22,m1,P-02,Mañana,1000,953,21.0,0.9,SI,"31,5"
OP-0057,2026-05-14,2026-05-17,2026-05-20,M-02,P-02,tarde,900,893,10.0,3.8,,33.5
OP-0089,18/05/2026,2026-05-22,2026-05-22,M-01,P-01,Tarde,800,751,-61.0,"0,6",S,"31,6"
OP-0137,2026-04-10,2026-04-12,,M-04,P-03,Manana,600,590,4.0,2.3,SI,"31,6"
OP-0356,2026-05-20,2026-05-24,25/05/2026,M-03,P-05,Noche,1600,1576,77.0,4.9,S,"33,7"
OP-0122,2026-03-26,30/03/2026,2026-04-01,M-03,P-04,tarde ,900,876,36.0,,No ,32.8
OP-0181,2026-07-07,2026-07-13,2026-07-13,M-04,p-05,tarde,1300,1262,12.0,"3,4",Si ,32.9
OP-0151,2026-05-25,2026-05-30,2026-05-30,M-04,P-04,Mañana,900,867,10.0,3.5,Sí,32.3
OP-0297,2026-08-06,2026-08-11,2026-08-12,m-04,P-05,tarde ,1000,962,7.0,"2,4",No ,"30,4"
OP-0217,16/03/2026,2026-03-20,2026-03-23,M-01,P-02,Tarde,1500,1464,29.0,"1,1",No,31.1
OP-0027,21/04/2026,2026-04-26,2026-04-26, M-02, P-02,Noche,800,749,10.0,"0,8",SI,30.2
OP-0045,2026-04-30,2026-05-04,2026-05-04,M-04,p-04,tarde,1500,1447,,1.3,SI,31.4
OP-0050,2026-07-22,28/07/2026,2026-07-31,M-01,P-01,tarde ,1000,958,24.0,,S,31.4
OP-0231,11/03/2026,2026-03-14,2026-03-16,m-01,P-01, Tarde,1300,1210,33.0,3.5,Si ,"30,5"
OP-0183,2026-04-23,2026-04-26,2026-04-27, M-02,P-02, noche,1100,1099,21.0,2.1,SI,30.6
OP-0061,2026-07-15,2026-07-18,23/07/2026,M-03,P-04,TARDE,1500,1421,58.0,"14,2",si,"33,9"
OP-0084,17/06/2026,2026-06-21,23/06/2026,M-01,P-02,Tarde,700,655,12.0,"1,1",No ,32.6
OP-0012,2026-06-22,2026-06-28,2026-06-27,M-04,P-05,Noche,1200,1193,11.0,"1,5",si,31.2
OP-0140,2026-07-28,2026-07-30,29/07/2026,M-01,P-01,tarde,1100,1071,11.0,"2,4",si,"30,0"
OP-0005,2026-07-24,2026-07-26,,M-01,P-01,Tarde,1600,1501,,0.8,Sí,"30,5"
OP-0393,2026-08-04,2026-08-08,2026-08-10,M-03,P-04,Noche,800,760,54.0,"3,1",Si ,"33,8"
OP-0176,2026-05-11,2026-05-14,2026-05-01,M01,P-02,MAÑANA,1100,1100,26.0,1.4,Sí,"31,3"
OP-0185,2026-06-23,2026-06-25,2026-06-25,M-04,P-05,noche,1100,1072,18.0,4.3,Sí,30.9
OP-0013,2026-07-31,06/08/2026,2026-08-07,M-03 ,P-04 ,Tarde,1800,1705,76.0,2.1,Sí,33.8
OP-0220,2026-07-08,11/07/2026,2026-07-11,M-02,P-01,Noche,1700,1588,20.0,4.1,S,"32,2"
OP-0379,2026-03-13,2026-03-18,18/03/2026,M-02,P-01,Tarde ,800,751,15.0,2.9,NO,91.0
OP-0103,06/03/2026,08/03/2026,09/03/2026,M-1,P-01,Mañana ,900,853,16.0,5.5,Sí,31.6
OP-0361,27/04/2026,2026-04-29,2026-04-28,M-04,p-03,Mañana,1300,1235,25.0,0.3,SI,30.6
OP-0144,2026-03-19,2026-03-23,2026-03-26,M-03 ,P-05,Tarde,800,7780,30.0,"11,6",Si ,"33,4"
OP-0145,2026-06-29,2026-07-02,2026-07-04,m 02,P-02, Tarde,900,883,13.0,0.9,SI,"31,5"
OP-0029,2026-03-11,2026-03-15,16/03/2026,M-01,P-01,manana,1500,1487,34.0,4.7,S,"32,5"
OP-0290,2026-07-24,2026-07-26,2026-07-25,M-01,P-01,Tarde,1600,1545,26.0,0.4,S,30.6
OP-0107,2026-03-24,2026-03-30,2026-03-30,M-02,P-01,Noche,1500,1430,23.0,"0,8",si,"90,0"
OP-0311,2026-05-28,2026-06-03,2026-06-03, M-02,P-02,Manana,900,843,11.0,"1,4",si,31.5
OP-0163,2026-03-05,2026-03-08,2026-03-10, M-01 ,P-02,Mañana,500,470,,2.1,si,"30,8"
OP-0351,2026-07-20,2026-07-23,2026-07-24,M-03,P-04,Mañana,1000,932,48.0,1.8,S,33.1
OP-0187,30/07/2026,2026-08-04,2026-08-05,M-02,P01,Noche,1600,1592,22.0,0.9,No,"34,9"
OP-0083,2026-06-10,2026-06-15,2026-06-14,M-04,P-03,Noche,1000,945,12.0,1.3,S,85.8
OP-0053,2026-07-22,2026-07-27,25/07/2026, m-04 ,P-05 , mañana,700,688,10.0,1.3,SI,30.4
OP-0135,2026-06-08,2026-06-14,2026-06-18,M-03,P-05,Mañana,1300,1285,55.0,"14,9",S,"33,2"
OP-0131,2026-06-15,2026-06-21,2026-06-22,m1,P-01,Tarde,1000,946,22.0,,S,31.0
OP-0159,02/03/2026,2026-03-06,2026-03-10,M 03,p-03,noche,700,689,31.0,"11,5",SI,33.3
OP-0099,2026-06-04,2026-06-09,08/06/2026,M01,P-01,Mañana ,800,763,13.0,"3,4",Si ,"32,4"
OP-0218,2026-05-13,2026-05-15,17/05/2026,M-01,p-02,tarde ,1800,1709,28.0,"3,4",No ,33.0
OP-0319,2026-04-17,2026-04-20,2026-04-22,M-02,P-01,Mañana,1200,1187,15.0,"4,3",S,36.3
OP-0233,2026-04-15,2026-04-19,2026-04-19,M-04, P-03,Tarde ,1100,1093,18.0,1.7,SI,"33,4"
OP-0240,2026-03-17,2026-03-21,2026-03-20,M-01,P-02,Mañana,700,698,15.0,1.0,Sí,"31,5"
OP-0252,2026-07-06,2026-07-08,2026-07-08,M-04,P-04,Tarde,1400,1362,21.0,0.9,SI,"30,7"
OP-0106,2026-07-13,2026-07-17,17/07/2026,M-03,P03,Mañana,1700,1681,77.0,4.5,si,"35,8"
OP-0164,2026-05-26,01/06/2026,30/05/2026,M-01,P-02,Mañana ,1100,1095,25.0,0.9,S,"31,9"
OP-0213,2026-05-26,2026-06-01,31/05/2026,M-01,P-02,Mañana,700,678,15.0,0.8,Sí,33.6
OP-0355,2026-07-17,2026-07-20,2026-07-19,M-02,P-02,Mañana,700,656,10.0,1.8,Sí,33.8
OP-0104,2026-04-27,2026-05-03,2026-05-03,M04,P-05,Tarde,1200,1129,14.0,2.3,N,"32,2"
OP-0406,19/03/2026,2026-03-21,21/03/2026,M-04,P-04 ,Mañana,1500,1423,26.0,2.9,Sí,"28,2"
OP-0078,2026-05-20,25/05/2026,2026-05-27,M-03,P-04,Tarde,800,798,29.0,8.6,,"33,8"
OP-0009,2026-04-16,2026-04-18,2026-04-19,M-01,P02,Mañana,1200,1165,13.0,"0,9",Sí,"31,3"
OP-0003,30/03/2026,2026-04-02,2026-04-03,M-4,P-03,Mañana,1500,1474,26.0,0.6,SI,"29,3"
OP-0283,2026-08-03,2026-08-09,,M-01,P01,Manana,1500,1455,25.0,"4,8",Sí,"32,6"
OP-0170,2026-08-12,18/08/2026,18/08/2026,M-04,P-03 ,Mañana,800,787,6.0,,S,33.5
OP-0212,2026-03-12,2026-03-16,2026-03-21,M-03 ,P-03,Noche,800,787,34.0,7.5,No,33.3
OP-0026,2026-04-13,2026-04-16,2026-04-18, M-01 ,P-02,tarde ,1300,1299,26.0,2.2,No ,30.9
OP-0234,2026-07-16,2026-07-21,2026-07-22,M-03,P-05,Mañana,900,872,39.0,1.0,Sí,34.5
OP-0397,2026-07-14,2026-07-19,16/07/2026, m-04 ,P-04, noche,1200,1198,17.0,"1,3",S,30.9
OP-0299,13/04/2026,2026-04-15,15/04/2026, m-04 ,P-03,tarde ,1700,1668,26.0,0.4,Sí,"32,3"
OP-0051,2026-04-24,30/04/2026,2026-05-01,M-01,p-02,Tarde,1100,1096,19.0,1.2,Si ,"32,0"
OP-0086,17/04/2026,2026-04-22,2026-04-21,M-01,P-02,noche,1300,1215,23.0,"3,5",S,30.7
OP-0160,2026-08-14,17/08/2026,22/08/2026,M-03,P-04,Mañana,800,785,38.0,16.7,SI,"33,3"
OP-0165,2026-03-18,2026-03-22,2026-03-23,m-03, P-05,Noche,1400,1318,58.0,2.2,Si ,"34,1"
OP-0362,2026-04-06,2026-04-09,2026-04-08,M-1,P02,NOCHE ,800,788,16.0,1.9,SI,31.3
OP-0023,2026-06-05,2026-06-11,2026-06-10,M-04,P-05,Tarde ,1800,1718,38.0,0.6,SI,32.6
OP-0063,2026-05-07,2026-05-10,2026-05-12,M-03,P-04,Tarde,1800,1677,90.0,,Si ,"32,8"
OP-0388,2026-03-10,2026-03-16,2026-03-16,M-04,P05,Mañana,700,699,15.0,,Si ,29.3
OP-0100,2026-03-30,2026-04-05,2026-04-04,M-04,P-05,Noche ,700,674,9.0,,si,
OP-0070,2026-08-12,2026-08-15,2026-08-14,M-02,P-02,Tarde,1600,1538,1684.0,2.1,SI,34.1
OP-0419,25/03/2026,2026-03-31,2026-03-30,M-01,P-02,Tarde,700,657,13.0,"0,5",SI,29.9
OP-0298,2026-04-17,2026-04-23,2026-04-25,m4,P-04,Mañana,1800,1793,36.0,2.5,no,"28,7"
OP-0198,2026-05-21,2026-05-26,2026-05-26,M-04,P-05,Mañana,1100,1048,18.0,1.3,S,31.7
OP-0204,27/07/2026,30/07/2026,2026-07-30,M-01,P-02,Tarde,1200,1179,27.0,1.2,S,33.8
OP-0291,15/05/2026,2026-05-19,2026-05-20,M-4,P-05,NOCHE,1600,1523,29.0,5.8,Si ,"33,3"
OP-0096,15/07/2026,2026-07-20,2026-07-23,M-03, P-03, mañana,1800,1740,94.0,4.9,Si ,32.4
OP-0152,2026-06-02,2026-06-08,2026-06-09,M-04,P-05,Noche,1000,997,13.0,1.4,Si ,"32,0"
OP-0205,2026-07-31,2026-08-05,2026-08-06, M-01 ,P-02,Noche,1500,1430,27.0,"1,4",no,"34,1"
OP-0310,2026-03-05,2026-03-07,2026-03-07,M-01,P-02,Tarde,1000,941,15.0,0.8,no,31.8
OP-0030,2026-04-23,2026-04-25,2026-04-26,M 03, P-03,Tarde ,1300,1235,,3.5,no,"35,7"
OP-0256,2026-05-01,2026-05-04,2026-05-07,M-03,P-03 ,Mañana,700,656,35.0,7.0,SI,34.8
OP-0305,2026-05-05,2026-05-10,09/05/2026,M04,p-04,manana,1500,1460,20.0,1.4,SI,33.1
OP-0379,2026-03-13,2026-03-18,18/03/2026,M-02,P-01,Tarde ,800,751,15.0,2.9,NO,91.0
OP-0401,2026-06-25,2026-06-28,2026-07-01,M-02,P-02, mañana,1200,1149,17.0,"5,6",N,31.7
OP-0326,03/06/2026,07/06/2026,2026-06-09,M-03,P-03 ,Tarde,1300,1290,67.0,"8,7",Si ,35.5
OP-0133,2026-08-05,2026-08-11,2026-08-10,M-03,P-05,Mañana,800,786,33.0,0.2,SI,"37,3"
OP-0408,2026-06-12,2026-06-15,2026-06-16,M-04,P-04,Mañana,600,573,9.0,5.5,S,31.6
OP-0117,15/05/2026,2026-05-18,2026-05-22,M-03,P-05,Tarde,1600,1552,64.0,"8,2",NO,34.5
OP-0087,2026-04-21,2026-04-25,2026-04-29,m-03,P-04,Mañana,600,600,23.0,,SI,"34,6"
OP-0378,31/03/2026,2026-04-05,2026-04-04,M-02,P-02,Mañana,1000,963,12.0,"1,3",SI,28.1
OP-0124,2026-05-11,15/05/2026,2026-05-15,M-02,P-01,Noche ,600,587,8.0,"0,5",Sí,"32,6"
OP-0047,2026-03-31,2026-04-06,2026-04-05,M-02,P-02,Tarde,1500,1432,21.0,5.4,si,30.7
OP-0004,2026-03-23,2026-03-27,2026-03-31,M03,P-05,Mañana,700,665,38.0,4.7,No ,32.7
OP-0113,2026-06-10,2026-06-16,2026-06-15,M-02,P-01,Mañana,1500,1418,22.0,0.2,S,33.8
OP-0184,10/07/2026,2026-07-16,2026-07-15,M-02,P-01,Tarde,1300,1257,21.0,1.1,SI,29.3
OP-0031,2026-06-30,2026-07-05,2026-07-06,M-03,p-04,Manana,1300,1281,59.0,0.0,NO,34.8
OP-0155,2026-04-20,2026-04-26,2026-04-27,M-01,P-01,Noche,1700,1607,32.0,"2,2",Sí,
OP-0296,2026-06-18,2026-06-20,2026-06-20,M-04,P-03,Mañana,1200,1134,19.0,0.8,S,"31,9"
OP-0095,2026-06-18,20/06/2026,2026-06-20,M-02,P-02, mañana,600,585,5.0,1.7,si,30.8
OP-0279,2026-08-13,2026-08-18,2026-08-18,M-04,P-04,Tarde,1800,1781,26.0,1.1,SI,"29,5"
OP-0399,2026-03-05,11/03/2026,2026-03-12,M-02,P-01,Tarde,1700,1617,25.0,0.3,No ,"30,7"
OP-0052,2026-04-23,2026-04-29,2026-04-27,m-01,P-02,Tarde,1300,1214,30.0,,SI,"29,2"
OP-0037,2026-06-01,2026-06-06,,M-01,P-02,Noche,1100,1049,24.0,0.6,SI,32.2
OP-0098,2026-07-23,2026-07-25,2026-07-26,M-01,P-01,Tarde,700,673,801.0,"4,4",si,33.3
OP-0229,2026-03-05,2026-03-09,2026-03-11,M-03, P-03, Tarde,1600,1578,64.0,"1,8",NO,34.7
OP-0014,31/07/2026,2026-08-02,,M-04,P04,Noche,1100,1080,14.0,"5,5",si,"30,6"
OP-0164,2026-05-26,01/06/2026,30/05/2026,M-01,P-02,Mañana ,1100,1095,25.0,0.9,S,"31,9"
OP-0059,2026-07-15,2026-07-21,2026-07-05, M-01 ,P-01,Tarde,1100,1064,20.0,3.8,si,32.7
OP-0263,2026-08-10,15/08/2026,16/08/2026, M-02,P-02,Mañana,1500,1438,26.0,2.2,S,30.1
OP-0257,2026-05-08,12/05/2026,2026-05-12,M-04, P-04,Noche,800,771,13.0,2.5,Si ,"29,6"
OP-0266,2026-03-16,2026-03-18,18/03/2026,M-01,P-01,Manana,1400,1393,32.0,3.0,Si ,32.7
OP-0308,2026-06-29,2026-07-05,2026-07-05,M-03 ,P-03,Mañana,600,587,25.0,5.6,SI,"34,6"
OP-0325,2026-04-28,2026-05-02,,M04,P05,Tarde,1200,1126,18.0,"2,2",N,"30,6"
OP-0372,2026-03-17,2026-03-21,2026-03-23,M-02,P-01,tarde,1000,931,11.0,3.1,No,31.2
OP-0010,17/04/2026,2026-04-21,2026-04-22,M-02,P-01,NOCHE ,1200,1149,23.0,0.4,S,29.9
OP-0258,2026-04-07,2026-04-13,2026-04-14,m1,P-02,Tarde,1600,1556,31.0,1.0,,30.1
OP-0129,2026-04-17,2026-04-23,23/04/2026,m1,P-01,Noche,700,671,9.0,2.0,,32.8
OP-0337,2026-06-16,2026-06-20,2026-06-18,M-01,P-01,Mañana,600,570,4.0,2.4,si,32.0
OP-0079,15/06/2026,21/06/2026,2026-06-21,M 03,P-04,Mañana,1300,1291,49.0,,S,"33,7"
OP-0046,2026-05-14,2026-05-18,19/05/2026,M-04,P-05,Tarde,1400,1307,12.0,1.5,si,"31,4"
OP-0116,2026-05-05,2026-05-07,2026-05-06,M-04,P-03,Mañana,1100,1046,18.0,2.7,SI,"31,5"
OP-0413,2026-08-10,2026-08-12,12/08/2026,M-01,P-02,Mañana,600,582,17.0,"4,5",S,"32,9"
OP-0358,2026-08-05,11/08/2026,2026-08-13,M-04,P-03,Mañana,1700,1584,29.0,2.0,No,91.6
OP-0158,2026-06-18,2026-06-24,2026-06-25,M 03, P-03,Tarde,900,864,37.0,4.2,,96.3
OP-0025,2026-07-03,09/07/2026,10/07/2026,M-4,P-05,Mañana,1500,1445,22.0,4.0,S,29.5
OP-0273,2026-03-11,2026-03-16,2026-03-15,M-01,P-01,Mañana,900,885,11.0,1.6,SI,"32,6"
OP-0293,2026-06-12,2026-06-14,2026-06-11,M-04,P-05,Noche,1400,1374,22.0,3.0,S,31.9
OP-0346,2026-07-29,2026-07-31,2026-07-31,M-04,P-04,MAÑANA,1100,1053,21.0,3.5,Si ,"33,6"
OP-0259,2026-06-15,2026-06-18,2026-06-18,M-01,P-02,Mañana ,1800,1705,35.0,0.5,SI,32.7
OP-0127,27/07/2026,2026-07-31,2026-07-30,m-02,P-01,Manana,1600,1496,25.0,"0,4",SI,30.0
OP-0365,2026-05-18,2026-05-21,2026-05-24,M-03,P-03,Noche,600,599,25.0,4.9,NO,"35,8"
OP-0295,2026-05-19,2026-05-21,2026-05-24,m4,P-04,Noche ,1300,1225,20.0,0.5,Sí,28.6
OP-0396,2026-04-03,2026-04-07,2026-04-10,M-2,P-01 ,Noche,800,774,11.0,"4,4",No,31.4
OP-0236,29/05/2026,04/06/2026,2026-06-05,m-04,P-04,Mañana,1200,1133,18.0,3.0,NO,31.9
OP-0034,06/05/2026,2026-05-08,2026-05-07, M-02,p-02,Mañana,1800,1785,34.0,"0,6",Si ,"32,4"
OP-0303,2026-07-03,2026-07-05,2026-07-08,M-03,P-03,Mañana,1700,1682,61.0,5.4,No,"34,2"
OP-0368,2026-06-23,2026-06-25,2026-06-27,M-03,P-04,Mañana,600,581,19.0,4.0,Sí,32.7
OP-0123,2026-03-05,2026-03-08,2026-03-10,M-01,P-01,NOCHE ,1000,939,20.0,1.0,NO,31.1
OP-0221,2026-03-17,2026-03-19,2026-03-19,M-02,P-02,Tarde,600,582,11.0,1.0,Sí,"32,7"
OP-0064,31/07/2026,2026-08-05,2026-08-07,M-3, P-03,Mañana,1800,1795,76.0,3.5,Si ,"32,7"
OP-0286,2026-07-27,02/08/2026,2026-08-03,M-02,P-02,Tarde ,1500,1403,21.0,"0,2",no,34.7
OP-0067,22/04/2026,2026-04-25,2026-04-26,M03,P-05,Tarde,1300,1277,67.0,1.4,SI,32.0
OP-0195,2026-06-29,2026-07-03,2026-07-03,M-01,P-01,Mañana,1400,1391,24.0,1.8,Sí,32.6
OP-0178,10/03/2026,2026-03-14,2026-03-15,M-04,P-04,Tarde,1400,1330,20.0,0.3,si,"32,7"
OP-0207,24/04/2026,2026-04-26,27/04/2026,M-01,P02,Noche,1300,1221,25.0,,si,32.8
OP-0128,04/08/2026,2026-08-09,08/08/2026,M-01,P-01,Mañana,1400,1346,23.0,1.1,S,"31,4"
OP-0300,2026-07-02,2026-07-07,2026-07-10,M-03,P-05,Noche,500,473,25.0,4.8,S,37.2
OP-0359,2026-05-19,2026-05-25,2026-05-25,M-02,P02,Noche,1200,1167,21.0,2.5,SI,31.0
OP-0001,2026-07-31,2026-08-04,2026-08-04,m4,P05,Tarde,1500,1473,25.0,"6,2",Si ,29.2
OP-0227,2026-04-28,2026-05-01,02/05/2026, M-01 ,P-01,Mañana,1500,1441,32.0,2.0,si,"33,4"
OP-0392,2026-04-14,2026-04-16,2026-04-19,M-01, P-02,Mañana,1600,1538,24.0,1.0,No,32.6
OP-0416,2026-07-16,2026-07-19,2026-07-19,M-01, P-02,Tarde,1100,1049,20.0,3.8,S,36.2
OP-0250,2026-05-25,2026-05-31,2026-05-31,m-02, P-02,Tarde,1600,1537,26.0,0.7,si,30.5
OP-0109,2026-04-09,2026-04-14,2026-04-14,m1,P-01 ,NOCHE,700,693,12.0,"0,5",Si ,33.0
OP-0194,2026-07-03,2026-07-07,2026-07-07,m4,P-05 ,Noche,600,599,12.0,1.7,Si ,32.6
OP-0006,2026-04-16,2026-04-19,17/04/2026,M-04,P-04,Noche,600,568,8.0,,Si ,"29,4"
OP-0261,2026-06-17,2026-06-20,2026-06-20,M-01,P-01,Mañana,1700,1608,36.0,,S,31.7
OP-0354,2026-05-19,22/05/2026,2026-05-24,M-03,P-05,Noche,900,864,48.0,,SI,"35,8"
OP-0380,2026-03-24,2026-03-27,2026-03-28,m-03,P-04,tarde ,500,467,24.0,0.6,si,33.6
OP-0060,2026-04-27,2026-05-01,02/05/2026,M-01,P-01,Tarde,1400,1378,32.0,1.0,N,31.4
OP-0048,2026-08-05,10/08/2026,2026-08-10,M-02,P-02,Noche ,1500,1486,19.0,"3,2",si,"35,0"
OP-0287,2026-08-07,10/08/2026,10/08/2026,M-01,P-01,noche,1300,1275,22.0,"1,1",si,"33,4"
OP-0121,06/08/2026,09/08/2026,2026-08-10,M 03,P-03,Noche,800,778,31.0,"3,0",si,91.4
OP-0247,2026-04-24,2026-04-27,2026-04-29,m-03,P-04,Noche,1500,1432,65.0,5.5,si,"33,6"
OP-0341,2026-04-30,2026-05-02,,M-01,P-01,Tarde,600,585,14.0,1.3,S,"32,3"
OP-0167,2026-06-24,2026-06-27,2026-06-29,M-04,P-04,Mañana,1700,1620,30.0,,Sí,"31,2"
OP-0324,2026-07-17,21/07/2026,2026-07-21,m-03,P-04,Manana,1700,1658,78.0,3.8,,"36,9"
OP-0210,2026-05-29,2026-06-02,, M-02,P-01,Noche,600,577,12.0,0.8,si,"32,5"
OP-0306,2026-07-17,2026-07-23,2026-07-21,M02,P-02,Mañana,1600,1592,21.0,"0,6",S,31.2
OP-0223,27/04/2026,2026-05-01,29/04/2026,M-03,P-05, mañana,700,693,40.0,2.1,S,35.6
OP-0214,2026-03-10,2026-03-13,2026-03-13,M-04,p-05,MAÑANA,1600,1490,32.0,"0,2",si,32.9
OP-0383,2026-03-31,2026-04-06,2026-04-08,m4,p-03,Noche,1600,1544,28.0,0.6,No,30.5
OP-0353,2026-03-17,2026-03-23,2026-03-28,M-03,P03,Tarde,800,763,37.0,10.5,No ,"31,8"
OP-0285,2026-04-01,2026-04-03,2026-04-03,M-03,P-05,Mañana,1300,1276,58.0,4.4,Si ,33.2
OP-0043,10/08/2026,2026-08-15,2026-08-16,M-03,P04, noche,1600,1568,83.0,0.9,Sí,"36,0"
OP-0342,2026-03-02,08/03/2026,2026-03-09,m4,P04,manana,1500,1406,27.0,"1,5",S,"31,5"
OP-0373,08/05/2026,2026-05-11,2026-05-11,M-02,P-01 ,Mañana,1800,1731,31.0,"0,7",S,32.8
OP-0320,2026-05-11,17/05/2026,2026-05-17,M04,P-03 ,Tarde,1000,966,14.0,0.6,Si ,29.8
OP-0077,2026-03-18,2026-03-22,22/03/2026, M-02, P-01,Tarde,1200,1128,19.0,1.0,si,
OP-0343,03/03/2026,09/03/2026,2026-03-11,M-04,P-04,Mañana,1800,1676,27.0,2.8,Sí,31.8
OP-0390,2026-04-29,2026-05-02,2026-05-03,M04,P-04,Noche,1700,1641,25.0,1.4,N,"33,3"
OP-0074,2026-07-07,2026-07-09,08/07/2026,M-01,P-01,Mañana ,1500,1480,25.0,1.2,Si ,"31,6"
OP-0314,2026-06-10,2026-06-14,2026-06-12,M-02,P-02,manana,1000,935,14.0,0.1,SI,32.4
OP-0370,2026-04-06,2026-04-08,07/04/2026,M-04,P-04,Tarde,1800,1716,32.0,"0,6",Si ,"34,1"
OP-0313,2026-08-04,2026-08-07,2026-08-03,m-01,P-01,Mañana,700,668,14.0,0.6,SI,"33,7"
OP-0153,2026-04-10,2026-04-16,16/04/2026,M01,P-02,Tarde,1500,1442,26.0,"0,1",si,33.2
OP-0033,2026-05-27,2026-05-30,2026-05-31,M-02,P-02,Tarde,1300,1298,17.0,"3,4",Si ,33.4
OP-0016,03/04/2026,2026-04-09,09/04/2026,M-1,P-02,Mañana,1800,1740,39.0,2.6,S,
OP-0108,2026-07-20,2026-07-22,2026-07-21,M02, P-01,Noche,1500,1467,,3.2,Sí,32.1
OP-0385,2026-04-28,2026-05-03,2026-05-02,M-02,P-02,Mañana,1100,1056,15.0,2.1,SI,31.5
OP-0148,2026-03-31,2026-04-06,2026-04-07,M-03, P-05,Mañana,700,675,38.0,4.9,S,"34,1"
OP-0255,2026-04-22,2026-04-26,2026-04-26,M-01,P-01,Tarde,1500,1470,29.0,3.0,Si ,33.5
OP-0036,2026-06-24,26/06/2026,2026-06-28,M-01,P-02,Mañana,1100,1082,34.0,"2,2",si,"34,1"
OP-0226,16/07/2026,2026-07-20,2026-07-20,M-4,P-03,noche,1000,961,16.0,"4,3",S,30.1
OP-0173,2026-04-20,2026-04-26,2026-04-28,M-01,P01,Mañana,500,483,7.0,9.5,si,28.3
OP-0334,2026-04-22,2026-04-24,2026-04-24,M-04,P-05,Tarde,1000,961,8.0,3.5,S,31.8
OP-0018,2026-06-01,2026-06-05,2026-06-08,M-01,P-01, Tarde,1100,1084,20.0,"2,8",no,31.6
OP-0157,2026-07-13,2026-07-19,2026-07-20,M-02,P-02,Noche,700,651,8.0,2.5,Si ,32.0
OP-0272,2026-07-16,2026-07-18,2026-07-20,M-01,P-02,Noche,800,745,15.0,4.3,Sí,"31,3"
OP-0405,2026-03-10,2026-03-14,2026-03-16, m-04 ,P-03,Noche,1200,1173,21.0,"0,4",N,"32,0"
OP-0349,2026-07-09,2026-07-15,2026-07-16,M-03,P-04,manana,700,677,38.0,1.6,Sí,"34,9"
OP-0308,2026-06-29,2026-07-05,2026-07-05,M-03 ,P-03,Mañana,600,587,25.0,5.6,SI,"34,6"
OP-0367,2026-04-21,27/04/2026,28/04/2026,M-04,P-04, noche,800,769,9.0,1.8,si,"29,7"
OP-0318,2026-04-14,2026-04-20,2026-04-22,M-03,P-05,Mañana,700,667,34.0,"8,9",Si ,"35,0"
OP-0209,2026-04-21,2026-04-25,2026-04-27,M-1,p-01,Tarde,1800,1781,-25.0,2.7,si,"88,0"
OP-0065,2026-08-07,2026-08-10,2026-08-15,M-03,P-03,Mañana,1400,1372,55.0,22.9,Sí,33.3
OP-0011,2026-04-16,2026-04-22,2026-04-23,M-02,P-02,Noche,500,493,6.0,"2,1",Sí,"28,6"
OP-0376,11/05/2026,15/05/2026,2026-05-14,M-01,P-01,Mañana,1600,1542,37.0,0.3,si,"30,7"
OP-0112,08/07/2026,2026-07-13,2026-07-14,M-01,P-02,Tarde,700,666,12.0,"1,0",SI,"31,8"
OP-0402,2026-03-17,2026-03-22,2026-03-25,M-04,P-03,TARDE,900,850,16.0,,N,31.5
OP-0381,2026-06-18,22/06/2026,2026-06-23,M-03,p-05,Tarde,600,598,31.0,"0,2",S,"33,6"
OP-0340,11/03/2026,2026-03-15,2026-03-14,M-04,P-04,Tarde,1500,1434,20.0,1.8,SI,30.4
OP-0094,07/04/2026,11/04/2026,2026-04-11,m-02,P-01 , mañana,600,595,10.0,0.7,SI,"31,4"
OP-0411,2026-04-02,04/04/2026,04/04/2026,M-03,P-05,Tarde,700,669,30.0,"0,9",Sí,
OP-0294,07/04/2026,2026-04-13,13/04/2026,m-01,P-01,Noche ,500,478,10.0,"3,4",si,"29,7"
OP-0262,2026-07-06,2026-07-12,2026-07-14,M-04,P-03,MAÑANA,1700,1635,22.0,"0,2",no,31.9
OP-0101,2026-04-30,2026-05-06,2026-05-05,M-04,P-03,Noche,1000,942,14.0,"1,0",si,"33,5"
OP-0168,2026-07-01,2026-07-05,2026-07-04, m-04 ,P-04 ,Mañana,1000,975,,0.4,Sí,"31,3"
OP-0066,2026-08-03,2026-08-07,2026-08-11,M-03,P-05,Tarde,1000,974,39.0,"2,6",No ,32.8
OP-0315,2026-05-01,2026-05-04,2026-05-05,M-02, P-02, mañana,800,771,13.0,1.3,No ,34.1
OP-0242,2026-05-06,2026-05-10,2026-05-10,M-04,P-04,Noche,700,666,12.0,"0,6",si,28.9
OP-0007,2026-07-07,2026-07-11,14/07/2026,M-03,P-04,Mañana,1300,1255,,"1,5",Si ,"36,1"
OP-0150,2026-05-11,2026-05-17,2026-05-19,m1,P-02,Tarde,1100,1061,20.0,4.6,Sí,31.2
OP-0415,2026-03-18,2026-03-24,2026-03-25,M-1,P01,Tarde,1800,1787,39.0,4.1,Si ,30.7
OP-0344,2026-04-06,11/04/2026,2026-04-12,M 03,P-04 ,Mañana,600,568,20.0,0.6,si,"34,9"
OP-0418,2026-05-28,02/06/2026,2026-06-02,M-4,P-05,Noche,1700,1640,27.0,2.1,SI,31.6
OP-0149,2026-03-26,2026-03-28,2026-03-30,M02,P-02,Mañana,800,796,7.0,2.7,S,32.3
OP-0345,2026-06-09,2026-06-11,2026-06-14,M-04,P-03,Noche,1000,962,12.0,"3,5",Si ,30.6
OP-0369,2026-03-05,07/03/2026,2026-03-07,M-02,P-02,Noche,500,470,7.0,0.3,SI,"32,3"
OP-0253,2026-06-29,2026-07-02,2026-07-01,M-02,P02,NOCHE ,1400,1378,22.0,1.5,,
OP-0322,2026-07-06,2026-07-11,2026-07-10,M-02,P-01,Mañana,1100,1057,17.0,"3,0",si,32.3
OP-0186,2026-07-17,2026-07-20,2026-07-24,M-03 ,P-04, noche,1700,1683,76.0,,Sí,"35,3"
OP-0142,2026-06-19,2026-06-24,2026-06-25,M-02,P-02,Mañana,1600,1543,31.0,3.8,S,"31,5"
OP-0133,2026-08-05,2026-08-11,2026-08-10,M-03,P-05,Mañana,800,786,33.0,0.2,SI,"37,3"
OP-0119,2026-04-17,2026-04-19,2026-04-19,M-02,P-01, mañana,1000,969,17.0,"2,5",Sí,"29,8"
OP-0245,2026-06-08,11/06/2026,2026-05-29,M-03,P-04,manana,1300,1229,52.0,27.7,SI,
OP-0288,2026-08-12,2026-08-15,2026-08-17,M-02,P-01,Noche,1000,989,11.0,1.8,SI,32.9
OP-0120,2026-04-02,2026-04-08,2026-04-09,M-03,P-04,Noche,800,779,26.0,4.6,S,32.0
OP-0418,2026-05-28,02/06/2026,2026-06-02,M-4,P-05,Noche,1700,1640,27.0,2.1,SI,31.6
OP-0039,2026-05-29,2026-05-31,2026-05-31,m1,P-01,Noche ,800,781,17.0,2.2,Sí,"30,8"
OP-0374,2026-04-03,2026-04-09,2026-04-09,M-2,P-02,Mañana,800,791,9.0,2.7,si,31.4
OP-0081,25/06/2026,2026-07-01,,M-03 ,P-04,tarde,900,858,33.0,0.3,No ,33.1
OP-0307,01/05/2026,2026-05-04,2026-05-03,M02,P-02,Mañana,1500,1422,21.0,6.1,S,"31,7"
OP-0085,2026-06-16,21/06/2026,21/06/2026,M-1,P-02,Tarde,1000,938,18.0,"1,1",Sí,33.7
OP-0225,03/07/2026,2026-07-05,2026-07-07,M-02,p-01,Tarde,600,583,10.0,1.1,N,"31,4"
OP-0020,2026-06-26,2026-06-30,2026-06-30,M-03,P-05,Tarde,1100,1079,55.0,2.0,S,"35,1"
OP-0073,2026-08-14,18/08/2026,2026-08-18,M-04, P-04, Tarde,500,496,11.0,1.7,Si ,"31,9"
OP-0076,2026-07-07,2026-07-09,2026-07-07,M-02,P-01,tarde,1100,1068,,"1,5",S,32.8
OP-0265,2026-07-07,2026-07-13,2026-07-11,M-04,P-04 ,TARDE,900,889,16.0,"0,3",S,31.4
OP-0041,2026-06-26,2026-06-30,2026-06-27,M-2,P-01,Tarde,1500,1398,25.0,1.6,si,33.4
OP-0372,2026-03-17,2026-03-21,2026-03-23,M-02,P-01,tarde,1000,931,11.0,3.1,No,31.2
OP-0111,2026-06-25,2026-07-01,03/07/2026,M-02,P-02,Tarde,1600,1574,27.0,3.0,Si ,31.9
OP-0304,02/06/2026,2026-06-08,2026-06-10,M-02,P-02,Noche,1200,1136,16.0,"6,2",S,32.9
OP-0395,2026-05-11,2026-05-15,2026-05-15,M-01,P-02,Mañana,600,574,12.0,"2,0",SI,34.3
OP-0049,2026-07-21,24/07/2026,2026-07-23,M-03,P-04 ,Manana,1700,1585,76.0,0.4,Si ,"34,1"
OP-0019,2026-06-01,2026-06-05,2026-06-06,M-04,P-04,tarde ,1200,1197,16.0,1.5,N,30.0
OP-0044,2026-06-11,2026-06-15,2026-06-15,M-02,P-02,Mañana,1600,1551,20.0,"1,2",Si ,28.9
OP-0274,2026-05-06,2026-05-10,2026-05-11,M-03,P-04,Mañana,1800,1796,91.0,"2,7",S,"34,7"
OP-0091,2026-04-30,06/05/2026,2026-05-07,m-01,P-01,manana,1500,1456,21.0,7.4,Si ,"32,8"
OP-0276,2026-08-13,19/08/2026,22/08/2026,M-02,P-01,Tarde,800,798,17.0,,si,30.6
OP-0335,15/05/2026,2026-05-20,2026-05-19,M-01, P-02,Tarde,800,767,19.0,1.4,SI,31.9
OP-0161,2026-03-04,2026-03-06,07/03/2026,m1,P-01,Tarde,1000,932,13.0,4.2,si,32.3
OP-0115,2026-03-19,21/03/2026,2026-03-21,m1,P-01,MAÑANA,1600,1590,29.0,1.1,NO,31.6
OP-0329,2026-07-06,2026-07-09,2026-07-11,M-03 , P-05,Noche,600,564,29.0,"2,7",si,32.9
OP-0069,2026-08-05,11/08/2026,2026-08-12,M01,P-02,Tarde,1300,1252,22.0,4.3,no,"32,3"
OP-0216,2026-03-02,2026-03-04,2026-03-05,m-03,p-05,Mañana,1600,1508,67.0,1.2,SI,33.2
OP-0132,2026-03-12,2026-03-18,2026-03-22,M-04, P-04,Mañana,1100,1057,12.0,7.2,SI,"31,7"
OP-0002,2026-06-22,2026-06-24,2026-06-24,M-02,P-01,Mañana,1800,1777,21.0,"2,4",Sí,35.1
OP-0188,2026-07-16,2026-07-19,19/07/2026, M-01 ,P-02,Mañana,1700,1605,37.0,"1,9",si,32.1
OP-0228,2026-03-30,2026-04-05,2026-04-06,M-03,P-03,Tarde,800,748,23.0,"4,5",S,"33,1"
OP-0179,2026-05-01,2026-05-03,02/05/2026,M-04,P-04,NOCHE,500,474,14.0,1.2,si,31.6
OP-0328,2026-05-05,2026-05-08,2026-05-11,M-03,P-03,Tarde,1400,1316,52.0,"7,2",si,35.2
OP-0182,2026-04-29,04/05/2026,2026-05-06,M04,P-03,Noche,1800,1799,27.0,1.4,Sí,31.5
OP-0134,2026-03-24,2026-03-27,28/03/2026,M-02,P-01, noche,1500,1420,24.0,"7,4",SI,"31,7"
OP-0224,18/06/2026,2026-06-24,2026-06-26,M-04,P-03 ,Mañana,900,847,1089.0,3.1,si,31.1
OP-0249,2026-04-03,07/04/2026,2026-04-07,M-02,P-01 ,Mañana,500,466,5.0,2.3,si,32.2
OP-0284,2026-05-06,08/05/2026,2026-05-12,m-01,P-02,Noche,1500,1411,33.0,4.1,NO,"31,5"
OP-0169,2026-03-20,2026-03-25,2026-03-27,M-2, P-02,Mañana ,1700,1630,18.0,"5,5",NO,31.5
OP-0336,2026-06-03,2026-06-05,2026-06-06,M-03,P-03,Mañana,1700,1643,72.0,7.6,si,"35,1"
OP-0264,20/03/2026,2026-03-26,28/03/2026,M-01,P-01,Tarde,600,565,10.0,2.6,Si ,"30,6"
OP-0143,15/05/2026,2026-05-17,2026-05-18,M-04,P-03,NOCHE,800,774,14.0,,Sí,"31,3"
OP-0246,2026-04-13,2026-04-17,2026-04-18,M-04,P-03,Tarde,1800,1680,22.0,,Sí,29.1
OP-0301,2026-03-02,2026-03-06,2026-03-10,M-04,P-04,Tarde,700,693,9.0,1.8,No ,"33,4"
OP-0028,2026-06-15,19/06/2026,17/06/2026,M-01, P-02,Tarde ,800,767,18.0,0.6,Sí,
OP-0139,2026-05-20,25/05/2026,2026-05-27,M-04,P-03, Tarde,700,675,5.0,3.9,Si ,"31,5"
OP-0364,2026-06-08,2026-06-10,2026-06-10,M-01,P-02,Tarde ,800,796,16.0,"0,7",N,"32,5"
OP-0090,08/06/2026,2026-06-14,2026-06-13,M-02,P-01,Mañana,1700,1679,28.0,,SI,30.7
OP-0407,2026-05-18,2026-05-23,2026-05-24,M-02,P-02,TARDE,1300,1241,14.0,5.3,SI,"32,2"
OP-0024,2026-06-11,2026-06-14,11/06/2026,M-04,P-03, mañana,500,487,11.0,1.3,SI,29.5
OP-0097,2026-04-17,23/04/2026,2026-04-24,M-02,P-01,Mañana,1600,1568,29.0,2.0,Sí,32.1
OP-0080,2026-05-15,2026-05-18,2026-05-21,m4,P-04 ,Tarde,1500,1492,22.0,"2,1",N,"29,6"
OP-0420,2026-08-14,2026-08-16,2026-08-17,M-04,P-03,Tarde,1200,11360,22.0,1.5,NO,31.7
OP-0193,2026-04-09,15/04/2026,2026-04-16,M-01,P02,Noche,1500,1498,33.0,"2,8",S,32.8
OP-0243,2026-06-01,2026-06-04,2026-06-01,M-01,P-02,manana,1500,1445,31.0,4.3,si,"32,1"
OP-0371,2026-07-29,2026-07-31,2026-07-31,M-03,P-03,Mañana,1200,1199,59.0,1.8,Sí,"34,8"
OP-0172,23/04/2026,2026-04-28,28/04/2026,M-02,P-01,Tarde,1500,1490,27.0,6.2,S,86.9
OP-0327,2026-03-26,2026-04-01,2026-03-31,M-04,P-04,Mañana ,1500,1446,16.0,"2,9",S,"33,1"
OP-0068,2026-07-21,24/07/2026,25/07/2026,M-02,P-01,Mañana,1000,967,14.0,1.0,si,"32,0"
OP-0146,2026-07-17,2026-07-21,2026-07-21,m1, P-02,Tarde,1000,935,17.0,"4,9",S,
OP-0409,2026-05-07,2026-05-09,2026-05-11,M-01,P-01,Noche ,600,588,10.0,"0,3",SI,"32,1"
OP-0395,2026-05-11,2026-05-15,2026-05-15,M-01,P-02,Mañana,600,574,12.0,"2,0",SI,34.3
OP-0082,09/04/2026,2026-04-12,2026-04-13,m 02,P-01,Noche,600,565,13.0,0.4,S,"30,8"
OP-0232,2026-07-23,2026-07-25,2026-07-27,M-02, P-02,Noche,1800,1697,26.0,"3,5",Sí,30.8
OP-0038,04/03/2026,2026-03-10,2026-03-11,M-02,P-01,Tarde,1700,1653,18.0,"5,0",si,31.3
OP-0331,2026-03-23,2026-03-25,27/03/2026,M-03,P04,Mañana,700,653,30.0,"4,6",Sí,35.9
OP-0386,2026-04-30,2026-05-06,2026-05-08,m4,P-04,Mañana,1500,1493,27.0,1.9,no,"32,1"
OP-0141,2026-04-07,2026-04-11,2026-04-12,M-02,P-01,Mañana,1100,1094,19.0,1.4,si,30.4
OP-0035,13/05/2026,2026-05-19,2026-05-18,m 02,P-02,Mañana,500,476,4.0,2.0,S,
OP-0389,2026-05-28,2026-05-30,2026-06-02,M-01,P-01,Tarde,1000,948,18.0,"7,2",Si ,30.8
OP-0126,12/06/2026,2026-06-14,2026-06-14,M-02,P-01,Tarde,1200,1173,16.0,3.6,Si ,"32,0"
OP-0237,2026-05-15,21/05/2026,2026-05-22,M-02,P-01, noche,1300,1269,12.0,3.0,Sí,31.5
OP-0302,2026-06-03,2026-06-09,2026-06-10,M-01,P-02,Tarde,700,670,6.0,4.0,SI,31.6
OP-0417,2026-06-25,2026-06-30,2026-07-02,M-01,P-02,NOCHE,500,466,12.0,3.4,N,"31,0"
OP-0254,2026-05-18,2026-05-23,2026-05-20,M-01,P-02, Tarde,700,691,12.0,0.9,si,33.9
OP-0177,2026-04-06,2026-04-08,2026-04-07, M-02,P-01,Tarde,1300,1229,18.0,3.3,Sí,33.3
OP-0093,2026-04-17,2026-04-19,2026-04-21,M-02,P01, mañana,1200,1169,16.0,4.1,SI,"91,6"
OP-0110,2026-03-24,2026-03-26,2026-03-29,M04,P-05,MAÑANA,1400,1310,20.0,5.8,No ,33.9
OP-0281,2026-03-31,2026-04-05,04/04/2026,M-01,p-02,Mañana,1400,1362,21.0,0.6,Sí,32.0
OP-0339,2026-07-21,2026-07-26,26/07/2026,m1,P-02,Mañana,1800,1751,35.0,1.5,si,30.5
OP-0072,2026-07-03,2026-07-06,2026-07-06,M-02,P-02,Tarde,1200,1133,23.0,"1,2",S,32.1
OP-0162,2026-08-14,2026-08-16,2026-08-15,M-04,P-03,Tarde,600,582,6.0,1.8,Sí,32.1
OP-0333,2026-03-27,29/03/2026,2026-03-29,m-03,P-03,Mañana,1400,1316,51.0,2.1,Si ,"34,5"
OP-0270,2026-03-31,2026-04-06,2026-04-05,M-1,P-01,Tarde,800,796,21.0,0.8,SI,31.0
OP-0338,2026-06-23,2026-06-28,2026-06-29,M-03, P-05,noche,800,746,27.0,4.3,SI,33.0
OP-0092,2026-05-08,2026-05-14,2026-05-21,M-03,P-04, noche,800,787,30.0,"21,3",no,"33,2"
OP-0081,25/06/2026,2026-07-01,,M-03 ,P-04,tarde,900,858,33.0,0.3,No ,33.1
OP-0192,2026-04-23,2026-04-25,2026-04-26,M-01,P-01,Tarde,1100,1057,16.0,2.6,S,"29,5"
OP-0410,2026-03-20,25/03/2026,2026-03-25,M04,P-03, mañana,1500,1444,25.0,4.4,No,31.8
