id_orden,fecha_inicio,fecha_fin_plan,fecha_fin_real,maquina,producto,turno,cant_plan,cant_prod,defectuosas,horas_parada,mp_disponible,temperatura_c,horas_parada_imputada,temperatura_imputada,dias_retraso,retrasada
OP-0383,2026-03-31,2026-04-06,2026-04-08,M-04,P-03,Noche,1600,1544,28,0.6,No,30.5,False,False,2.0,1.0
OP-0398,2026-07-28,2026-08-03,2026-08-02,M-02,P-01,Tarde,500,472,7,1.1,Sí,33.2,False,False,-1.0,0.0
OP-0352,2026-07-28,2026-08-03,2026-08-04,M-01,P-01,Tarde,1100,1063,16,0.0,Sí,33.4,False,False,1.0,1.0
OP-0391,2026-04-28,2026-04-30,2026-04-30,M-03,P-03,Mañana,1300,1287,57,1.0,Sí,34.3,False,False,0.0,0.0
OP-0200,2026-07-29,2026-07-31,2026-08-01,M-02,P-01,Mañana,1100,1066,10,5.5,Sí,34.3,False,False,1.0,1.0
OP-0171,2026-04-23,2026-04-28,2026-04-30,M-02,P-01,Noche,1200,1135,11,5.3,Sí,30.0,False,False,2.0,1.0
OP-0394,2026-06-11,2026-06-14,2026-06-20,M-03,P-04,Tarde,1600,1584,63,16.2,No,33.3,False,False,6.0,1.0
OP-0054,2026-06-01,2026-06-04,2026-06-05,M-03,P-05,Mañana,1600,1517,70,4.5,Sí,35.6,False,False,1.0,1.0
OP-0360,2026-03-11,2026-03-17,2026-03-18,M-03,P-04,Noche,1600,1574,92,3.2,Sí,35.4,False,False,1.0,1.0
OP-0190,2026-05-08,2026-05-14,2026-05-13,M-01,P-02,Tarde,1600,1581,28,2.4,Sí,30.3,False,False,-1.0,0.0
OP-0316,2026-05-21,2026-05-25,2026-05-25,M-02,P-01,Tarde,700,688,16,3.5,Sí,31.2,False,False,0.0,0.0
OP-0382,2026-07-23,2026-07-29,2026-07-30,M-04,P-04,Mañana,700,664,11,2.1,Sí,33.9,False,False,1.0,1.0
OP-0138,2026-04-15,2026-04-18,2026-04-18,M-02,P-01,Tarde,1600,1541,26,1.0,Sí,31.5,False,False,0.0,0.0
OP-0235,2026-06-02,2026-06-08,2026-06-09,M-04,P-03,Noche,1800,1693,25,2.2,Sí,30.1,False,False,1.0,1.0
OP-0272,2026-07-16,2026-07-18,2026-07-20,M-01,P-02,Noche,800,745,15,4.3,Sí,31.3,False,False,2.0,1.0
OP-0196,2026-07-14,2026-07-18,2026-07-16,M-01,P-01,Tarde,500,493,7,1.7,Sí,31.7,False,False,-2.0,0.0
OP-0211,2026-04-16,2026-04-22,2026-04-24,M-03,P-03,Noche,1400,1324,68,4.8,Sí,33.1,False,False,2.0,1.0
OP-0071,2026-03-04,2026-03-06,2026-03-05,M-01,P-02,Tarde,1000,975,14,1.8,Sí,31.1,False,False,-1.0,0.0
OP-0312,2026-03-09,2026-03-14,2026-03-12,M-02,P-01,Mañana,1500,1466,19,1.3,Sí,33.6,False,False,-2.0,0.0
OP-0279,2026-08-13,2026-08-18,2026-08-18,M-04,P-04,Tarde,1800,1781,26,1.1,Sí,29.5,False,False,0.0,0.0
OP-0282,2026-05-14,2026-05-18,2026-05-18,M-01,P-02,Mañana,800,767,10,2.8,Sí,32.5,False,False,0.0,0.0
OP-0321,2026-04-14,2026-04-18,2026-04-18,M-04,P-05,Mañana,1100,1088,9,2.4,Sí,30.5,False,False,0.0,0.0
OP-0347,2026-07-08,2026-07-11,2026-07-08,M-04,P-04,Mañana,600,592,5,1.5,Sí,31.1,False,False,-3.0,0.0
OP-0175,2026-03-31,2026-04-06,2026-04-10,M-01,P-01,Mañana,1000,989,19,9.2,No,31.4,False,False,4.0,1.0
OP-0031,2026-06-30,2026-07-05,2026-07-06,M-03,P-04,Mañana,1300,1281,59,0.0,No,34.8,False,False,1.0,1.0
OP-0114,2026-03-19,2026-03-23,2026-03-24,M-03,P-03,Tarde,1000,978,55,0.2,Sí,35.6,False,False,1.0,1.0
OP-0244,2026-07-02,2026-07-04,2026-07-09,M-03,P-04,Mañana,500,478,25,16.1,Sí,37.0,False,False,5.0,1.0
OP-0323,2026-03-18,2026-03-23,2026-03-25,M-02,P-01,Noche,1500,1495,24,3.2,No,32.3,False,False,2.0,1.0
OP-0267,2026-04-27,2026-04-30,2026-04-30,M-02,P-01,Tarde,1800,1699,19,0.4,Sí,33.2,False,False,0.0,0.0
OP-0203,2026-06-04,2026-06-06,2026-06-06,M-02,P-01,Noche,1100,1054,17,0.6,Sí,28.3,False,False,0.0,0.0
OP-0292,2026-04-02,2026-04-05,2026-04-07,M-01,P-02,Tarde,700,699,17,3.8,Sí,30.8,False,False,2.0,1.0
OP-0199,2026-04-07,2026-04-11,2026-04-11,M-01,P-02,Mañana,1100,1065,32,2.9,Sí,30.9,False,False,0.0,0.0
OP-0202,2026-03-25,2026-03-30,2026-03-30,M-04,P-03,Tarde,1000,975,9,1.8,No,32.6,False,False,0.0,0.0
OP-0021,2026-07-08,2026-07-11,2026-07-12,M-03,P-03,Noche,1700,1690,74,4.6,Sí,34.2,False,False,1.0,1.0
OP-0387,2026-04-10,2026-04-15,2026-04-18,M-03,P-05,Tarde,700,676,36,9.2,Sí,33.6,False,False,3.0,1.0
OP-0366,2026-04-02,2026-04-04,2026-04-05,M-02,P-02,Mañana,800,746,9,7.2,Sí,31.85,False,True,1.0,1.0
OP-0147,2026-06-05,2026-06-08,2026-06-08,M-02,P-01,Noche,700,676,10,1.4,Sí,32.9,False,False,0.0,0.0
OP-0102,2026-03-02,2026-03-05,2026-03-08,M-03,P-04,Mañana,900,887,45,8.7,Sí,33.8,False,False,3.0,1.0
OP-0208,2026-03-26,2026-03-28,2026-03-30,M-03,P-04,Mañana,1600,1509,71,4.1,Sí,35.0,False,False,2.0,1.0
OP-0206,2026-03-17,2026-03-22,2026-03-24,M-01,P-01,Tarde,1200,1144,13,2.3,Sí,32.0,False,False,2.0,1.0
OP-0317,2026-06-12,2026-06-18,2026-06-20,M-02,P-02,Mañana,700,665,8,5.1,Sí,34.0,False,False,2.0,1.0
OP-0174,2026-05-18,2026-05-22,2026-05-19,M-04,P-03,Tarde,1800,1769,27,0.9,Sí,30.8,False,False,-3.0,0.0
OP-0061,2026-07-15,2026-07-18,2026-07-23,M-03,P-04,Tarde,1500,1421,58,14.2,Sí,33.9,False,False,5.0,1.0
OP-0357,2026-07-20,2026-07-25,2026-07-29,M-03,P-04,Tarde,700,697,28,6.1,Sí,34.6,False,False,4.0,1.0
OP-0154,2026-05-25,2026-05-27,2026-05-29,M-03,P-03,Noche,800,754,30,6.3,Sí,35.2,False,False,2.0,1.0
OP-0075,2026-04-08,2026-04-11,2026-04-11,M-01,P-02,Noche,1100,1050,19,3.3,Sí,33.0,False,False,0.0,0.0
OP-0330,2026-04-15,2026-04-18,2026-04-18,M-02,P-02,Noche,1800,1761,31,3.2,Sí,33.7,False,False,0.0,0.0
OP-0118,2026-08-14,2026-08-19,2026-08-19,M-03,P-03,Mañana,700,665,24,9.7,Sí,34.7,False,False,0.0,0.0
OP-0241,2026-05-11,2026-05-13,2026-05-13,M-04,P-04,Mañana,800,772,13,1.0,Sí,33.5,False,False,0.0,0.0
OP-0008,2026-03-24,2026-03-30,2026-03-29,M-04,P-04,Noche,1100,1062,17,2.8,Sí,34.9,False,False,-1.0,0.0
OP-0222,2026-03-06,2026-03-08,2026-03-08,M-02,P-02,Noche,1700,1584,18,0.9,Sí,31.6,False,False,0.0,0.0
OP-0166,2026-03-17,2026-03-21,2026-03-21,M-02,P-02,Tarde,900,876,8,1.8,Sí,28.6,False,False,0.0,0.0
OP-0289,2026-08-07,2026-08-12,2026-08-12,M-03,P-05,Tarde,1500,1445,58,0.9,Sí,35.0,False,False,0.0,0.0
OP-0058,2026-06-15,2026-06-19,2026-06-20,M-03,P-03,Tarde,900,851,41,0.6,Sí,36.1,False,False,1.0,1.0
OP-0400,2026-08-04,2026-08-07,2026-08-08,M-02,P-01,Mañana,1700,1585,24,7.4,Sí,30.9,False,False,1.0,1.0
OP-0125,2026-05-07,2026-05-11,2026-05-13,M-01,P-01,Mañana,1400,1368,23,2.1500000000000004,Sí,31.8,True,False,2.0,1.0
OP-0384,2026-04-23,2026-04-28,2026-04-28,M-02,P-02,Tarde,1300,1217,29,2.1,Sí,30.7,False,False,0.0,0.0
OP-0088,2026-04-13,2026-04-16,2026-04-16,M-02,P-01,Noche,1500,1403,27,2.5,Sí,30.3,False,False,0.0,0.0
OP-0022,2026-08-07,2026-08-13,2026-08-13,M-02,P-01,Mañana,1000,999,18,1.5,Sí,32.9,False,False,0.0,0.0
OP-0015,2026-07-02,2026-07-08,2026-07-08,M-02,P-01,Mañana,800,782,6,2.8,Sí,32.0,False,False,0.0,0.0
OP-0040,2026-05-07,2026-05-11,2026-05-11,M-03,P-04,Tarde,1100,1087,41,2.9,Sí,35.2,False,False,0.0,0.0
OP-0219,2026-07-22,2026-07-26,2026-07-24,M-04,P-05,Noche,1400,1308,15,0.7,Sí,30.1,False,False,-2.0,0.0
OP-0057,2026-05-14,2026-05-17,2026-05-20,M-02,P-02,Tarde,900,893,10,3.8,Sin dato,33.5,False,False,3.0,1.0
OP-0277,2026-07-22,2026-07-28,2026-07-29,M-02,P-02,Tarde,500,484,7,1.4,Sí,33.4,False,False,1.0,1.0
OP-0180,2026-06-22,2026-06-24,2026-06-28,M-03,P-05,Tarde,1700,1612,65,9.2,Sí,33.7,False,False,4.0,1.0
OP-0032,2026-08-12,2026-08-15,2026-08-14,M-04,P-04,Noche,500,478,9,1.7,Sí,31.8,False,False,-1.0,0.0
OP-0271,2026-03-09,2026-03-15,2026-03-15,M-01,P-02,Mañana,1800,1794,33,0.5,Sí,30.5,False,False,0.0,0.0
OP-0239,2026-03-09,2026-03-12,2026-03-12,M-01,P-01,Tarde,800,778,16,2.6,Sí,32.4,False,False,0.0,0.0
OP-0251,2026-05-29,2026-06-03,2026-06-05,M-03,P-03,Mañana,500,488,26,3.6,Sí,33.2,False,False,2.0,1.0
OP-0280,2026-06-18,2026-06-21,2026-06-22,M-04,P-03,Mañana,1100,1070,15,1.8,Sí,34.8,False,False,1.0,1.0
OP-0191,2026-05-06,2026-05-08,2026-05-08,M-04,P-03,Tarde,1000,951,15,3.0,Sí,31.5,False,True,0.0,0.0
OP-0201,2026-04-15,2026-04-20,2026-04-21,M-04,P-04,Noche,1100,1062,18,0.7,Sí,31.0,False,False,1.0,1.0
OP-0215,2026-04-08,2026-04-12,2026-04-13,M-03,P-03,Mañana,500,476,20,9.1,Sí,33.2,False,False,1.0,1.0
OP-0136,2026-07-10,2026-07-14,2026-07-15,M-01,P-01,Mañana,1500,1452,26,3.9,Sí,31.8,False,False,1.0,1.0
OP-0363,2026-05-19,2026-05-23,2026-05-22,M-01,P-02,Tarde,1300,1267,24,3.2,Sin dato,30.9,False,False,-1.0,0.0
OP-0275,2026-06-25,2026-06-27,2026-07-01,M-03,P-05,Noche,1200,1192,44,9.9,Sí,31.3,False,False,4.0,1.0
OP-0156,2026-06-24,2026-06-28,2026-06-29,M-03,P-03,Tarde,1500,1405,73,1.0,Sí,34.1,False,False,1.0,1.0
OP-0403,2026-07-06,2026-07-08,2026-07-07,M-04,P-03,Mañana,600,587,11,1.5,Sí,31.9,False,False,-1.0,0.0
OP-0130,2026-08-12,2026-08-15,2026-08-18,M-03,P-05,Tarde,500,468,27,4.1,No,35.0,False,False,3.0,1.0
OP-0105,2026-05-15,2026-05-21,2026-05-22,M-04,P-05,Mañana,700,663,9,6.0,Sí,30.3,False,False,1.0,1.0
OP-0348,2026-06-17,2026-06-19,2026-06-19,M-01,P-02,Mañana,700,670,12,2.2,Sí,31.4,False,False,0.0,0.0
OP-0248,2026-07-06,2026-07-12,2026-07-16,M-02,P-01,Noche,1000,980,15,1.7,No,33.7,False,False,4.0,1.0
OP-0412,2026-07-22,2026-07-27,2026-07-27,M-03,P-03,Tarde,1800,1781,80,0.2,Sí,34.1,False,False,0.0,0.0
OP-0269,2026-03-27,2026-03-29,2026-03-29,M-01,P-01,Noche,1000,931,25,0.4,Sí,32.1,False,False,0.0,0.0
OP-0260,2026-04-06,2026-04-08,2026-04-12,M-03,P-03,Mañana,800,746,44,7.1,Sí,32.3,False,False,4.0,1.0
OP-0062,2026-04-10,2026-04-14,2026-04-14,M-02,P-02,Mañana,1400,1325,23,3.5,Sí,30.6,False,False,0.0,0.0
OP-0385,2026-04-28,2026-05-03,2026-05-02,M-02,P-02,Mañana,1100,1056,15,2.1,Sí,31.5,False,False,-1.0,0.0
OP-0350,2026-03-30,2026-04-02,2026-04-02,M-01,P-01,Tarde,700,680,13,2.7,Sí,29.4,False,False,0.0,0.0
OP-0056,2026-05-21,2026-05-24,2026-05-23,M-04,P-05,Mañana,1300,1277,19,2.5,Sí,30.3,False,False,-1.0,0.0
OP-0414,2026-07-06,2026-07-10,2026-07-11,M-04,P-03,Tarde,1500,1417,20,1.2,Sí,30.7,False,False,1.0,1.0
OP-0404,2026-03-18,2026-03-22,2026-03-21,M-01,P-02,Tarde,1300,1226,22,2.1,Sí,34.9,False,False,-1.0,0.0
OP-0042,2026-07-27,2026-07-30,2026-08-01,M-04,P-05,Mañana,500,473,8,0.5,No,31.4,False,False,2.0,1.0
OP-0297,2026-08-06,2026-08-11,2026-08-12,M-04,P-05,Tarde,1000,962,7,2.4,No,30.4,False,False,1.0,1.0
OP-0017,2026-08-10,2026-08-13,2026-08-13,M-03,P-04,Mañana,600,566,24,6.2,Sí,34.7,False,False,0.0,0.0
OP-0377,2026-05-27,2026-06-01,2026-06-02,M-04,P-05,Mañana,1300,1298,24,3.4,Sí,33.5,False,False,1.0,1.0
OP-0278,2026-03-24,2026-03-28,2026-03-28,M-02,P-02,Tarde,1100,1029,17,2.5,Sí,31.8,False,False,0.0,0.0
OP-0230,2026-03-25,2026-03-31,2026-04-03,M-01,P-02,Mañana,1300,1290,28,4.8,No,31.9,False,False,3.0,1.0
OP-0238,2026-07-16,2026-07-21,,M-04,P-04,Mañana,900,883,12,2.7,No,36.3,False,False,,
OP-0270,2026-03-31,2026-04-06,2026-04-05,M-01,P-01,Tarde,800,796,21,0.8,Sí,31.0,False,False,-1.0,0.0
OP-0332,2026-05-27,2026-05-30,2026-05-30,M-01,P-01,Mañana,1000,950,20,3.8,Sí,32.8,False,False,0.0,0.0
OP-0375,2026-03-18,2026-03-21,2026-03-22,M-01,P-02,Mañana,1000,953,21,0.9,Sí,31.5,False,False,1.0,1.0
OP-0137,2026-04-10,2026-04-12,,M-04,P-03,Mañana,600,590,4,2.3,Sí,31.6,False,False,,
OP-0356,2026-05-20,2026-05-24,2026-05-25,M-03,P-05,Noche,1600,1576,77,4.9,Sí,33.7,False,False,1.0,1.0
OP-0122,2026-03-26,2026-03-30,2026-04-01,M-03,P-04,Tarde,900,876,36,4.5,No,32.8,True,False,2.0,1.0
OP-0181,2026-07-07,2026-07-13,2026-07-13,M-04,P-05,Tarde,1300,1262,12,3.4,Sí,32.9,False,False,0.0,0.0
OP-0151,2026-05-25,2026-05-30,2026-05-30,M-04,P-04,Mañana,900,867,10,3.5,Sí,32.3,False,False,0.0,0.0
OP-0217,2026-03-16,2026-03-20,2026-03-23,M-01,P-02,Tarde,1500,1464,29,1.1,No,31.1,False,False,3.0,1.0
OP-0027,2026-04-21,2026-04-26,2026-04-26,M-02,P-02,Noche,800,749,10,0.8,Sí,30.2,False,False,0.0,0.0
OP-0050,2026-07-22,2026-07-28,2026-07-31,M-01,P-01,Tarde,1000,958,24,2.1500000000000004,Sí,31.4,True,False,3.0,1.0
OP-0231,2026-03-11,2026-03-14,2026-03-16,M-01,P-01,Tarde,1300,1210,33,3.5,Sí,30.5,False,False,2.0,1.0
OP-0183,2026-04-23,2026-04-26,2026-04-27,M-02,P-02,Noche,1100,1099,21,2.1,Sí,30.6,False,False,1.0,1.0
OP-0084,2026-06-17,2026-06-21,2026-06-23,M-01,P-02,Tarde,700,655,12,1.1,No,32.6,False,False,2.0,1.0
OP-0012,2026-06-22,2026-06-28,2026-06-27,M-04,P-05,Noche,1200,1193,11,1.5,Sí,31.2,False,False,-1.0,0.0
OP-0140,2026-07-28,2026-07-30,2026-07-29,M-01,P-01,Tarde,1100,1071,11,2.4,Sí,30.0,False,False,-1.0,0.0
OP-0393,2026-08-04,2026-08-08,2026-08-10,M-03,P-04,Noche,800,760,54,3.1,Sí,33.8,False,False,2.0,1.0
OP-0185,2026-06-23,2026-06-25,2026-06-25,M-04,P-05,Noche,1100,1072,18,4.3,Sí,30.9,False,False,0.0,0.0
OP-0013,2026-07-31,2026-08-06,2026-08-07,M-03,P-04,Tarde,1800,1705,76,2.1,Sí,33.8,False,False,1.0,1.0
OP-0220,2026-07-08,2026-07-11,2026-07-11,M-02,P-01,Noche,1700,1588,20,4.1,Sí,32.2,False,False,0.0,0.0
OP-0379,2026-03-13,2026-03-18,2026-03-18,M-02,P-01,Tarde,800,751,15,2.9,No,32.8,False,False,0.0,0.0
OP-0103,2026-03-06,2026-03-08,2026-03-09,M-01,P-01,Mañana,900,853,16,5.5,Sí,31.6,False,False,1.0,1.0
OP-0361,2026-04-27,2026-04-29,2026-04-28,M-04,P-03,Mañana,1300,1235,25,0.3,Sí,30.6,False,False,-1.0,0.0
OP-0145,2026-06-29,2026-07-02,2026-07-04,M-02,P-02,Tarde,900,883,13,0.9,Sí,31.5,False,False,2.0,1.0
OP-0029,2026-03-11,2026-03-15,2026-03-16,M-01,P-01,Mañana,1500,1487,34,4.7,Sí,32.5,False,False,1.0,1.0
OP-0290,2026-07-24,2026-07-26,2026-07-25,M-01,P-01,Tarde,1600,1545,26,0.4,Sí,30.6,False,False,-1.0,0.0
OP-0107,2026-03-24,2026-03-30,2026-03-30,M-02,P-01,Noche,1500,1430,23,0.8,Sí,32.2,False,False,0.0,0.0
OP-0311,2026-05-28,2026-06-03,2026-06-03,M-02,P-02,Mañana,900,843,11,1.4,Sí,31.5,False,False,0.0,0.0
OP-0351,2026-07-20,2026-07-23,2026-07-24,M-03,P-04,Mañana,1000,932,48,1.8,Sí,33.1,False,False,1.0,1.0
OP-0187,2026-07-30,2026-08-04,2026-08-05,M-02,P-01,Noche,1600,1592,22,0.9,No,34.9,False,False,1.0,1.0
OP-0083,2026-06-10,2026-06-15,2026-06-14,M-04,P-03,Noche,1000,945,12,1.3,Sí,29.9,False,False,-1.0,0.0
OP-0053,2026-07-22,2026-07-27,2026-07-25,M-04,P-05,Mañana,700,688,10,1.3,Sí,30.4,False,False,-2.0,0.0
OP-0135,2026-06-08,2026-06-14,2026-06-18,M-03,P-05,Mañana,1300,1285,55,14.9,Sí,33.2,False,False,4.0,1.0
OP-0131,2026-06-15,2026-06-21,2026-06-22,M-01,P-01,Tarde,1000,946,22,2.1500000000000004,Sí,31.0,True,False,1.0,1.0
OP-0159,2026-03-02,2026-03-06,2026-03-10,M-03,P-03,Noche,700,689,31,11.5,Sí,33.3,False,False,4.0,1.0
OP-0099,2026-06-04,2026-06-09,2026-06-08,M-01,P-01,Mañana,800,763,13,3.4,Sí,32.4,False,False,-1.0,0.0
OP-0218,2026-05-13,2026-05-15,2026-05-17,M-01,P-02,Tarde,1800,1709,28,3.4,No,33.0,False,False,2.0,1.0
OP-0319,2026-04-17,2026-04-20,2026-04-22,M-02,P-01,Mañana,1200,1187,15,4.3,Sí,36.3,False,False,2.0,1.0
OP-0233,2026-04-15,2026-04-19,2026-04-19,M-04,P-03,Tarde,1100,1093,18,1.7,Sí,33.4,False,False,0.0,0.0
OP-0240,2026-03-17,2026-03-21,2026-03-20,M-01,P-02,Mañana,700,698,15,1.0,Sí,31.5,False,False,-1.0,0.0
OP-0252,2026-07-06,2026-07-08,2026-07-08,M-04,P-04,Tarde,1400,1362,21,0.9,Sí,30.7,False,False,0.0,0.0
OP-0106,2026-07-13,2026-07-17,2026-07-17,M-03,P-03,Mañana,1700,1681,77,4.5,Sí,35.8,False,False,0.0,0.0
OP-0164,2026-05-26,2026-06-01,2026-05-30,M-01,P-02,Mañana,1100,1095,25,0.9,Sí,31.9,False,False,-2.0,0.0
OP-0213,2026-05-26,2026-06-01,2026-05-31,M-01,P-02,Mañana,700,678,15,0.8,Sí,33.6,False,False,-1.0,0.0
OP-0355,2026-07-17,2026-07-20,2026-07-19,M-02,P-02,Mañana,700,656,10,1.8,Sí,33.8,False,False,-1.0,0.0
OP-0104,2026-04-27,2026-05-03,2026-05-03,M-04,P-05,Tarde,1200,1129,14,2.3,No,32.2,False,False,0.0,0.0
OP-0406,2026-03-19,2026-03-21,2026-03-21,M-04,P-04,Mañana,1500,1423,26,2.9,Sí,28.2,False,False,0.0,0.0
OP-0078,2026-05-20,2026-05-25,2026-05-27,M-03,P-04,Tarde,800,798,29,8.6,Sin dato,33.8,False,False,2.0,1.0
OP-0009,2026-04-16,2026-04-18,2026-04-19,M-01,P-02,Mañana,1200,1165,13,0.9,Sí,31.3,False,False,1.0,1.0
OP-0003,2026-03-30,2026-04-02,2026-04-03,M-04,P-03,Mañana,1500,1474,26,0.6,Sí,29.3,False,False,1.0,1.0
OP-0283,2026-08-03,2026-08-09,,M-01,P-01,Mañana,1500,1455,25,4.8,Sí,32.6,False,False,,
OP-0170,2026-08-12,2026-08-18,2026-08-18,M-04,P-03,Mañana,800,787,6,1.8,Sí,33.5,True,False,0.0,0.0
OP-0212,2026-03-12,2026-03-16,2026-03-21,M-03,P-03,Noche,800,787,34,7.5,No,33.3,False,False,5.0,1.0
OP-0026,2026-04-13,2026-04-16,2026-04-18,M-01,P-02,Tarde,1300,1299,26,2.2,No,30.9,False,False,2.0,1.0
OP-0234,2026-07-16,2026-07-21,2026-07-22,M-03,P-05,Mañana,900,872,39,1.0,Sí,34.5,False,False,1.0,1.0
OP-0397,2026-07-14,2026-07-19,2026-07-16,M-04,P-04,Noche,1200,1198,17,1.3,Sí,30.9,False,False,-3.0,0.0
OP-0299,2026-04-13,2026-04-15,2026-04-15,M-04,P-03,Tarde,1700,1668,26,0.4,Sí,32.3,False,False,0.0,0.0
OP-0051,2026-04-24,2026-04-30,2026-05-01,M-01,P-02,Tarde,1100,1096,19,1.2,Sí,32.0,False,False,1.0,1.0
OP-0086,2026-04-17,2026-04-22,2026-04-21,M-01,P-02,Noche,1300,1215,23,3.5,Sí,30.7,False,False,-1.0,0.0
OP-0160,2026-08-14,2026-08-17,2026-08-22,M-03,P-04,Mañana,800,785,38,16.7,Sí,33.3,False,False,5.0,1.0
OP-0165,2026-03-18,2026-03-22,2026-03-23,M-03,P-05,Noche,1400,1318,58,2.2,Sí,34.1,False,False,1.0,1.0
OP-0362,2026-04-06,2026-04-09,2026-04-08,M-01,P-02,Noche,800,788,16,1.9,Sí,31.3,False,False,-1.0,0.0
OP-0023,2026-06-05,2026-06-11,2026-06-10,M-04,P-05,Tarde,1800,1718,38,0.6,Sí,32.6,False,False,-1.0,0.0
OP-0063,2026-05-07,2026-05-10,2026-05-12,M-03,P-04,Tarde,1800,1677,90,4.5,Sí,32.8,True,False,2.0,1.0
OP-0388,2026-03-10,2026-03-16,2026-03-16,M-04,P-05,Mañana,700,699,15,1.8,Sí,29.3,True,False,0.0,0.0
OP-0100,2026-03-30,2026-04-05,2026-04-04,M-04,P-05,Noche,700,674,9,1.8,Sí,31.5,True,True,-1.0,0.0
OP-0419,2026-03-25,2026-03-31,2026-03-30,M-01,P-02,Tarde,700,657,13,0.5,Sí,29.9,False,False,-1.0,0.0
OP-0298,2026-04-17,2026-04-23,2026-04-25,M-04,P-04,Mañana,1800,1793,36,2.5,No,28.7,False,False,2.0,1.0
OP-0198,2026-05-21,2026-05-26,2026-05-26,M-04,P-05,Mañana,1100,1048,18,1.3,Sí,31.7,False,False,0.0,0.0
OP-0204,2026-07-27,2026-07-30,2026-07-30,M-01,P-02,Tarde,1200,1179,27,1.2,Sí,33.8,False,False,0.0,0.0
OP-0291,2026-05-15,2026-05-19,2026-05-20,M-04,P-05,Noche,1600,1523,29,5.8,Sí,33.3,False,False,1.0,1.0
OP-0096,2026-07-15,2026-07-20,2026-07-23,M-03,P-03,Mañana,1800,1740,94,4.9,Sí,32.4,False,False,3.0,1.0
OP-0152,2026-06-02,2026-06-08,2026-06-09,M-04,P-05,Noche,1000,997,13,1.4,Sí,32.0,False,False,1.0,1.0
OP-0205,2026-07-31,2026-08-05,2026-08-06,M-01,P-02,Noche,1500,1430,27,1.4,No,34.1,False,False,1.0,1.0
OP-0310,2026-03-05,2026-03-07,2026-03-07,M-01,P-02,Tarde,1000,941,15,0.8,No,31.8,False,False,0.0,0.0
OP-0256,2026-05-01,2026-05-04,2026-05-07,M-03,P-03,Mañana,700,656,35,7.0,Sí,34.8,False,False,3.0,1.0
OP-0305,2026-05-05,2026-05-10,2026-05-09,M-04,P-04,Mañana,1500,1460,20,1.4,Sí,33.1,False,False,-1.0,0.0
OP-0401,2026-06-25,2026-06-28,2026-07-01,M-02,P-02,Mañana,1200,1149,17,5.6,No,31.7,False,False,3.0,1.0
OP-0326,2026-06-03,2026-06-07,2026-06-09,M-03,P-03,Tarde,1300,1290,67,8.7,Sí,35.5,False,False,2.0,1.0
OP-0133,2026-08-05,2026-08-11,2026-08-10,M-03,P-05,Mañana,800,786,33,0.2,Sí,37.3,False,False,-1.0,0.0
OP-0408,2026-06-12,2026-06-15,2026-06-16,M-04,P-04,Mañana,600,573,9,5.5,Sí,31.6,False,False,1.0,1.0
OP-0117,2026-05-15,2026-05-18,2026-05-22,M-03,P-05,Tarde,1600,1552,64,8.2,No,34.5,False,False,4.0,1.0
OP-0087,2026-04-21,2026-04-25,2026-04-29,M-03,P-04,Mañana,600,600,23,4.5,Sí,34.6,True,False,4.0,1.0
OP-0378,2026-03-31,2026-04-05,2026-04-04,M-02,P-02,Mañana,1000,963,12,1.3,Sí,28.1,False,False,-1.0,0.0
OP-0124,2026-05-11,2026-05-15,2026-05-15,M-02,P-01,Noche,600,587,8,0.5,Sí,32.6,False,False,0.0,0.0
OP-0047,2026-03-31,2026-04-06,2026-04-05,M-02,P-02,Tarde,1500,1432,21,5.4,Sí,30.7,False,False,-1.0,0.0
OP-0004,2026-03-23,2026-03-27,2026-03-31,M-03,P-05,Mañana,700,665,38,4.7,No,32.7,False,False,4.0,1.0
OP-0113,2026-06-10,2026-06-16,2026-06-15,M-02,P-01,Mañana,1500,1418,22,0.2,Sí,33.8,False,False,-1.0,0.0
OP-0184,2026-07-10,2026-07-16,2026-07-15,M-02,P-01,Tarde,1300,1257,21,1.1,Sí,29.3,False,False,-1.0,0.0
OP-0155,2026-04-20,2026-04-26,2026-04-27,M-01,P-01,Noche,1700,1607,32,2.2,Sí,31.8,False,True,1.0,1.0
OP-0296,2026-06-18,2026-06-20,2026-06-20,M-04,P-03,Mañana,1200,1134,19,0.8,Sí,31.9,False,False,0.0,0.0
OP-0095,2026-06-18,2026-06-20,2026-06-20,M-02,P-02,Mañana,600,585,5,1.7,Sí,30.8,False,False,0.0,0.0
OP-0399,2026-03-05,2026-03-11,2026-03-12,M-02,P-01,Tarde,1700,1617,25,0.3,No,30.7,False,False,1.0,1.0
OP-0052,2026-04-23,2026-04-29,2026-04-27,M-01,P-02,Tarde,1300,1214,30,2.1500000000000004,Sí,29.2,True,False,-2.0,0.0
OP-0037,2026-06-01,2026-06-06,,M-01,P-02,Noche,1100,1049,24,0.6,Sí,32.2,False,False,,
OP-0229,2026-03-05,2026-03-09,2026-03-11,M-03,P-03,Tarde,1600,1578,64,1.8,No,34.7,False,False,2.0,1.0
OP-0014,2026-07-31,2026-08-02,,M-04,P-04,Noche,1100,1080,14,5.5,Sí,30.6,False,False,,
OP-0263,2026-08-10,2026-08-15,2026-08-16,M-02,P-02,Mañana,1500,1438,26,2.2,Sí,30.1,False,False,1.0,1.0
OP-0257,2026-05-08,2026-05-12,2026-05-12,M-04,P-04,Noche,800,771,13,2.5,Sí,29.6,False,False,0.0,0.0
OP-0266,2026-03-16,2026-03-18,2026-03-18,M-01,P-01,Mañana,1400,1393,32,3.0,Sí,32.7,False,False,0.0,0.0
OP-0308,2026-06-29,2026-07-05,2026-07-05,M-03,P-03,Mañana,600,587,25,5.6,Sí,34.6,False,False,0.0,0.0
OP-0325,2026-04-28,2026-05-02,,M-04,P-05,Tarde,1200,1126,18,2.2,No,30.6,False,False,,
OP-0372,2026-03-17,2026-03-21,2026-03-23,M-02,P-01,Tarde,1000,931,11,3.1,No,31.2,False,False,2.0,1.0
OP-0010,2026-04-17,2026-04-21,2026-04-22,M-02,P-01,Noche,1200,1149,23,0.4,Sí,29.9,False,False,1.0,1.0
OP-0258,2026-04-07,2026-04-13,2026-04-14,M-01,P-02,Tarde,1600,1556,31,1.0,Sin dato,30.1,False,False,1.0,1.0
OP-0129,2026-04-17,2026-04-23,2026-04-23,M-01,P-01,Noche,700,671,9,2.0,Sin dato,32.8,False,False,0.0,0.0
OP-0337,2026-06-16,2026-06-20,2026-06-18,M-01,P-01,Mañana,600,570,4,2.4,Sí,32.0,False,False,-2.0,0.0
OP-0079,2026-06-15,2026-06-21,2026-06-21,M-03,P-04,Mañana,1300,1291,49,4.5,Sí,33.7,True,False,0.0,0.0
OP-0046,2026-05-14,2026-05-18,2026-05-19,M-04,P-05,Tarde,1400,1307,12,1.5,Sí,31.4,False,False,1.0,1.0
OP-0116,2026-05-05,2026-05-07,2026-05-06,M-04,P-03,Mañana,1100,1046,18,2.7,Sí,31.5,False,False,-1.0,0.0
OP-0413,2026-08-10,2026-08-12,2026-08-12,M-01,P-02,Mañana,600,582,17,4.5,Sí,32.9,False,False,0.0,0.0
OP-0358,2026-08-05,2026-08-11,2026-08-13,M-04,P-03,Mañana,1700,1584,29,2.0,No,33.1,False,False,2.0,1.0
OP-0158,2026-06-18,2026-06-24,2026-06-25,M-03,P-03,Tarde,900,864,37,4.2,Sin dato,35.7,False,False,1.0,1.0
OP-0025,2026-07-03,2026-07-09,2026-07-10,M-04,P-05,Mañana,1500,1445,22,4.0,Sí,29.5,False,False,1.0,1.0
OP-0273,2026-03-11,2026-03-16,2026-03-15,M-01,P-01,Mañana,900,885,11,1.6,Sí,32.6,False,False,-1.0,0.0
OP-0346,2026-07-29,2026-07-31,2026-07-31,M-04,P-04,Mañana,1100,1053,21,3.5,Sí,33.6,False,False,0.0,0.0
OP-0259,2026-06-15,2026-06-18,2026-06-18,M-01,P-02,Mañana,1800,1705,35,0.5,Sí,32.7,False,False,0.0,0.0
OP-0127,2026-07-27,2026-07-31,2026-07-30,M-02,P-01,Mañana,1600,1496,25,0.4,Sí,30.0,False,False,-1.0,0.0
OP-0365,2026-05-18,2026-05-21,2026-05-24,M-03,P-03,Noche,600,599,25,4.9,No,35.8,False,False,3.0,1.0
OP-0295,2026-05-19,2026-05-21,2026-05-24,M-04,P-04,Noche,1300,1225,20,0.5,Sí,28.6,False,False,3.0,1.0
OP-0396,2026-04-03,2026-04-07,2026-04-10,M-02,P-01,Noche,800,774,11,4.4,No,31.4,False,False,3.0,1.0
OP-0236,2026-05-29,2026-06-04,2026-06-05,M-04,P-04,Mañana,1200,1133,18,3.0,No,31.9,False,False,1.0,1.0
OP-0034,2026-05-06,2026-05-08,2026-05-07,M-02,P-02,Mañana,1800,1785,34,0.6,Sí,32.4,False,False,-1.0,0.0
OP-0303,2026-07-03,2026-07-05,2026-07-08,M-03,P-03,Mañana,1700,1682,61,5.4,No,34.2,False,False,3.0,1.0
OP-0368,2026-06-23,2026-06-25,2026-06-27,M-03,P-04,Mañana,600,581,19,4.0,Sí,32.7,False,False,2.0,1.0
OP-0123,2026-03-05,2026-03-08,2026-03-10,M-01,P-01,Noche,1000,939,20,1.0,No,31.1,False,False,2.0,1.0
OP-0221,2026-03-17,2026-03-19,2026-03-19,M-02,P-02,Tarde,600,582,11,1.0,Sí,32.7,False,False,0.0,0.0
OP-0064,2026-07-31,2026-08-05,2026-08-07,M-03,P-03,Mañana,1800,1795,76,3.5,Sí,32.7,False,False,2.0,1.0
OP-0286,2026-07-27,2026-08-02,2026-08-03,M-02,P-02,Tarde,1500,1403,21,0.2,No,34.7,False,False,1.0,1.0
OP-0067,2026-04-22,2026-04-25,2026-04-26,M-03,P-05,Tarde,1300,1277,67,1.4,Sí,32.0,False,False,1.0,1.0
OP-0195,2026-06-29,2026-07-03,2026-07-03,M-01,P-01,Mañana,1400,1391,24,1.8,Sí,32.6,False,False,0.0,0.0
OP-0178,2026-03-10,2026-03-14,2026-03-15,M-04,P-04,Tarde,1400,1330,20,0.3,Sí,32.7,False,False,1.0,1.0
OP-0207,2026-04-24,2026-04-26,2026-04-27,M-01,P-02,Noche,1300,1221,25,2.1500000000000004,Sí,32.8,True,False,1.0,1.0
OP-0128,2026-08-04,2026-08-09,2026-08-08,M-01,P-01,Mañana,1400,1346,23,1.1,Sí,31.4,False,False,-1.0,0.0
OP-0300,2026-07-02,2026-07-07,2026-07-10,M-03,P-05,Noche,500,473,25,4.8,Sí,37.2,False,False,3.0,1.0
OP-0359,2026-05-19,2026-05-25,2026-05-25,M-02,P-02,Noche,1200,1167,21,2.5,Sí,31.0,False,False,0.0,0.0
OP-0001,2026-07-31,2026-08-04,2026-08-04,M-04,P-05,Tarde,1500,1473,25,6.2,Sí,29.2,False,False,0.0,0.0
OP-0227,2026-04-28,2026-05-01,2026-05-02,M-01,P-01,Mañana,1500,1441,32,2.0,Sí,33.4,False,False,1.0,1.0
OP-0392,2026-04-14,2026-04-16,2026-04-19,M-01,P-02,Mañana,1600,1538,24,1.0,No,32.6,False,False,3.0,1.0
OP-0416,2026-07-16,2026-07-19,2026-07-19,M-01,P-02,Tarde,1100,1049,20,3.8,Sí,36.2,False,False,0.0,0.0
OP-0250,2026-05-25,2026-05-31,2026-05-31,M-02,P-02,Tarde,1600,1537,26,0.7,Sí,30.5,False,False,0.0,0.0
OP-0109,2026-04-09,2026-04-14,2026-04-14,M-01,P-01,Noche,700,693,12,0.5,Sí,33.0,False,False,0.0,0.0
OP-0194,2026-07-03,2026-07-07,2026-07-07,M-04,P-05,Noche,600,599,12,1.7,Sí,32.6,False,False,0.0,0.0
OP-0006,2026-04-16,2026-04-19,2026-04-17,M-04,P-04,Noche,600,568,8,1.8,Sí,29.4,True,False,-2.0,0.0
OP-0261,2026-06-17,2026-06-20,2026-06-20,M-01,P-01,Mañana,1700,1608,36,2.1500000000000004,Sí,31.7,True,False,0.0,0.0
OP-0354,2026-05-19,2026-05-22,2026-05-24,M-03,P-05,Noche,900,864,48,4.5,Sí,35.8,True,False,2.0,1.0
OP-0380,2026-03-24,2026-03-27,2026-03-28,M-03,P-04,Tarde,500,467,24,0.6,Sí,33.6,False,False,1.0,1.0
OP-0060,2026-04-27,2026-05-01,2026-05-02,M-01,P-01,Tarde,1400,1378,32,1.0,No,31.4,False,False,1.0,1.0
OP-0048,2026-08-05,2026-08-10,2026-08-10,M-02,P-02,Noche,1500,1486,19,3.2,Sí,35.0,False,False,0.0,0.0
OP-0287,2026-08-07,2026-08-10,2026-08-10,M-01,P-01,Noche,1300,1275,22,1.1,Sí,33.4,False,False,0.0,0.0
OP-0121,2026-08-06,2026-08-09,2026-08-10,M-03,P-03,Noche,800,778,31,3.0,Sí,33.0,False,False,1.0,1.0
OP-0247,2026-04-24,2026-04-27,2026-04-29,M-03,P-04,Noche,1500,1432,65,5.5,Sí,33.6,False,False,2.0,1.0
OP-0341,2026-04-30,2026-05-02,,M-01,P-01,Tarde,600,585,14,1.3,Sí,32.3,False,False,,
OP-0167,2026-06-24,2026-06-27,2026-06-29,M-04,P-04,Mañana,1700,1620,30,1.8,Sí,31.2,True,False,2.0,1.0
OP-0324,2026-07-17,2026-07-21,2026-07-21,M-03,P-04,Mañana,1700,1658,78,3.8,Sin dato,36.9,False,False,0.0,0.0
OP-0210,2026-05-29,2026-06-02,,M-02,P-01,Noche,600,577,12,0.8,Sí,32.5,False,False,,
OP-0306,2026-07-17,2026-07-23,2026-07-21,M-02,P-02,Mañana,1600,1592,21,0.6,Sí,31.2,False,False,-2.0,0.0
OP-0223,2026-04-27,2026-05-01,2026-04-29,M-03,P-05,Mañana,700,693,40,2.1,Sí,35.6,False,False,-2.0,0.0
OP-0214,2026-03-10,2026-03-13,2026-03-13,M-04,P-05,Mañana,1600,1490,32,0.2,Sí,32.9,False,False,0.0,0.0
OP-0353,2026-03-17,2026-03-23,2026-03-28,M-03,P-03,Tarde,800,763,37,10.5,No,31.8,False,False,5.0,1.0
OP-0285,2026-04-01,2026-04-03,2026-04-03,M-03,P-05,Mañana,1300,1276,58,4.4,Sí,33.2,False,False,0.0,0.0
OP-0043,2026-08-10,2026-08-15,2026-08-16,M-03,P-04,Noche,1600,1568,83,0.9,Sí,36.0,False,False,1.0,1.0
OP-0342,2026-03-02,2026-03-08,2026-03-09,M-04,P-04,Mañana,1500,1406,27,1.5,Sí,31.5,False,False,1.0,1.0
OP-0373,2026-05-08,2026-05-11,2026-05-11,M-02,P-01,Mañana,1800,1731,31,0.7,Sí,32.8,False,False,0.0,0.0
OP-0320,2026-05-11,2026-05-17,2026-05-17,M-04,P-03,Tarde,1000,966,14,0.6,Sí,29.8,False,False,0.0,0.0
OP-0077,2026-03-18,2026-03-22,2026-03-22,M-02,P-01,Tarde,1200,1128,19,1.0,Sí,31.85,False,True,0.0,0.0
OP-0343,2026-03-03,2026-03-09,2026-03-11,M-04,P-04,Mañana,1800,1676,27,2.8,Sí,31.8,False,False,2.0,1.0
OP-0390,2026-04-29,2026-05-02,2026-05-03,M-04,P-04,Noche,1700,1641,25,1.4,No,33.3,False,False,1.0,1.0
OP-0074,2026-07-07,2026-07-09,2026-07-08,M-01,P-01,Mañana,1500,1480,25,1.2,Sí,31.6,False,False,-1.0,0.0
OP-0314,2026-06-10,2026-06-14,2026-06-12,M-02,P-02,Mañana,1000,935,14,0.1,Sí,32.4,False,False,-2.0,0.0
OP-0370,2026-04-06,2026-04-08,2026-04-07,M-04,P-04,Tarde,1800,1716,32,0.6,Sí,34.1,False,False,-1.0,0.0
OP-0153,2026-04-10,2026-04-16,2026-04-16,M-01,P-02,Tarde,1500,1442,26,0.1,Sí,33.2,False,False,0.0,0.0
OP-0033,2026-05-27,2026-05-30,2026-05-31,M-02,P-02,Tarde,1300,1298,17,3.4,Sí,33.4,False,False,1.0,1.0
OP-0016,2026-04-03,2026-04-09,2026-04-09,M-01,P-02,Mañana,1800,1740,39,2.6,Sí,31.8,False,True,0.0,0.0
OP-0148,2026-03-31,2026-04-06,2026-04-07,M-03,P-05,Mañana,700,675,38,4.9,Sí,34.1,False,False,1.0,1.0
OP-0255,2026-04-22,2026-04-26,2026-04-26,M-01,P-01,Tarde,1500,1470,29,3.0,Sí,33.5,False,False,0.0,0.0
OP-0036,2026-06-24,2026-06-26,2026-06-28,M-01,P-02,Mañana,1100,1082,34,2.2,Sí,34.1,False,False,2.0,1.0
OP-0226,2026-07-16,2026-07-20,2026-07-20,M-04,P-03,Noche,1000,961,16,4.3,Sí,30.1,False,False,0.0,0.0
OP-0173,2026-04-20,2026-04-26,2026-04-28,M-01,P-01,Mañana,500,483,7,9.5,Sí,28.3,False,False,2.0,1.0
OP-0334,2026-04-22,2026-04-24,2026-04-24,M-04,P-05,Tarde,1000,961,8,3.5,Sí,31.8,False,False,0.0,0.0
OP-0018,2026-06-01,2026-06-05,2026-06-08,M-01,P-01,Tarde,1100,1084,20,2.8,No,31.6,False,False,3.0,1.0
OP-0157,2026-07-13,2026-07-19,2026-07-20,M-02,P-02,Noche,700,651,8,2.5,Sí,32.0,False,False,1.0,1.0
OP-0405,2026-03-10,2026-03-14,2026-03-16,M-04,P-03,Noche,1200,1173,21,0.4,No,32.0,False,False,2.0,1.0
OP-0349,2026-07-09,2026-07-15,2026-07-16,M-03,P-04,Mañana,700,677,38,1.6,Sí,34.9,False,False,1.0,1.0
OP-0367,2026-04-21,2026-04-27,2026-04-28,M-04,P-04,Noche,800,769,9,1.8,Sí,29.7,False,False,1.0,1.0
OP-0318,2026-04-14,2026-04-20,2026-04-22,M-03,P-05,Mañana,700,667,34,8.9,Sí,35.0,False,False,2.0,1.0
OP-0065,2026-08-07,2026-08-10,2026-08-15,M-03,P-03,Mañana,1400,1372,55,22.9,Sí,33.3,False,False,5.0,1.0
OP-0011,2026-04-16,2026-04-22,2026-04-23,M-02,P-02,Noche,500,493,6,2.1,Sí,28.6,False,False,1.0,1.0
OP-0376,2026-05-11,2026-05-15,2026-05-14,M-01,P-01,Mañana,1600,1542,37,0.3,Sí,30.7,False,False,-1.0,0.0
OP-0112,2026-07-08,2026-07-13,2026-07-14,M-01,P-02,Tarde,700,666,12,1.0,Sí,31.8,False,False,1.0,1.0
OP-0402,2026-03-17,2026-03-22,2026-03-25,M-04,P-03,Tarde,900,850,16,1.8,No,31.5,True,False,3.0,1.0
OP-0381,2026-06-18,2026-06-22,2026-06-23,M-03,P-05,Tarde,600,598,31,0.2,Sí,33.6,False,False,1.0,1.0
OP-0340,2026-03-11,2026-03-15,2026-03-14,M-04,P-04,Tarde,1500,1434,20,1.8,Sí,30.4,False,False,-1.0,0.0
OP-0094,2026-04-07,2026-04-11,2026-04-11,M-02,P-01,Mañana,600,595,10,0.7,Sí,31.4,False,False,0.0,0.0
OP-0411,2026-04-02,2026-04-04,2026-04-04,M-03,P-05,Tarde,700,669,30,0.9,Sí,34.1,False,True,0.0,0.0
OP-0294,2026-04-07,2026-04-13,2026-04-13,M-01,P-01,Noche,500,478,10,3.4,Sí,29.7,False,False,0.0,0.0
OP-0262,2026-07-06,2026-07-12,2026-07-14,M-04,P-03,Mañana,1700,1635,22,0.2,No,31.9,False,False,2.0,1.0
OP-0101,2026-04-30,2026-05-06,2026-05-05,M-04,P-03,Noche,1000,942,14,1.0,Sí,33.5,False,False,-1.0,0.0
OP-0066,2026-08-03,2026-08-07,2026-08-11,M-03,P-05,Tarde,1000,974,39,2.6,No,32.8,False,False,4.0,1.0
OP-0315,2026-05-01,2026-05-04,2026-05-05,M-02,P-02,Mañana,800,771,13,1.3,No,34.1,False,False,1.0,1.0
OP-0242,2026-05-06,2026-05-10,2026-05-10,M-04,P-04,Noche,700,666,12,0.6,Sí,28.9,False,False,0.0,0.0
OP-0150,2026-05-11,2026-05-17,2026-05-19,M-01,P-02,Tarde,1100,1061,20,4.6,Sí,31.2,False,False,2.0,1.0
OP-0415,2026-03-18,2026-03-24,2026-03-25,M-01,P-01,Tarde,1800,1787,39,4.1,Sí,30.7,False,False,1.0,1.0
OP-0344,2026-04-06,2026-04-11,2026-04-12,M-03,P-04,Mañana,600,568,20,0.6,Sí,34.9,False,False,1.0,1.0
OP-0418,2026-05-28,2026-06-02,2026-06-02,M-04,P-05,Noche,1700,1640,27,2.1,Sí,31.6,False,False,0.0,0.0
OP-0149,2026-03-26,2026-03-28,2026-03-30,M-02,P-02,Mañana,800,796,7,2.7,Sí,32.3,False,False,2.0,1.0
OP-0345,2026-06-09,2026-06-11,2026-06-14,M-04,P-03,Noche,1000,962,12,3.5,Sí,30.6,False,False,3.0,1.0
OP-0369,2026-03-05,2026-03-07,2026-03-07,M-02,P-02,Noche,500,470,7,0.3,Sí,32.3,False,False,0.0,0.0
OP-0253,2026-06-29,2026-07-02,2026-07-01,M-02,P-02,Noche,1400,1378,22,1.5,Sin dato,31.85,False,True,-1.0,0.0
OP-0322,2026-07-06,2026-07-11,2026-07-10,M-02,P-01,Mañana,1100,1057,17,3.0,Sí,32.3,False,False,-1.0,0.0
OP-0186,2026-07-17,2026-07-20,2026-07-24,M-03,P-04,Noche,1700,1683,76,4.5,Sí,35.3,True,False,4.0,1.0
OP-0142,2026-06-19,2026-06-24,2026-06-25,M-02,P-02,Mañana,1600,1543,31,3.8,Sí,31.5,False,False,1.0,1.0
OP-0119,2026-04-17,2026-04-19,2026-04-19,M-02,P-01,Mañana,1000,969,17,2.5,Sí,29.8,False,False,0.0,0.0
OP-0288,2026-08-12,2026-08-15,2026-08-17,M-02,P-01,Noche,1000,989,11,1.8,Sí,32.9,False,False,2.0,1.0
OP-0120,2026-04-02,2026-04-08,2026-04-09,M-03,P-04,Noche,800,779,26,4.6,Sí,32.0,False,False,1.0,1.0
OP-0039,2026-05-29,2026-05-31,2026-05-31,M-01,P-01,Noche,800,781,17,2.2,Sí,30.8,False,False,0.0,0.0
OP-0374,2026-04-03,2026-04-09,2026-04-09,M-02,P-02,Mañana,800,791,9,2.7,Sí,31.4,False,False,0.0,0.0
OP-0081,2026-06-25,2026-07-01,,M-03,P-04,Tarde,900,858,33,0.3,No,33.1,False,False,,
OP-0307,2026-05-01,2026-05-04,2026-05-03,M-02,P-02,Mañana,1500,1422,21,6.1,Sí,31.7,False,False,-1.0,0.0
OP-0085,2026-06-16,2026-06-21,2026-06-21,M-01,P-02,Tarde,1000,938,18,1.1,Sí,33.7,False,False,0.0,0.0
OP-0225,2026-07-03,2026-07-05,2026-07-07,M-02,P-01,Tarde,600,583,10,1.1,No,31.4,False,False,2.0,1.0
OP-0020,2026-06-26,2026-06-30,2026-06-30,M-03,P-05,Tarde,1100,1079,55,2.0,Sí,35.1,False,False,0.0,0.0
OP-0073,2026-08-14,2026-08-18,2026-08-18,M-04,P-04,Tarde,500,496,11,1.7,Sí,31.9,False,False,0.0,0.0
OP-0265,2026-07-07,2026-07-13,2026-07-11,M-04,P-04,Tarde,900,889,16,0.3,Sí,31.4,False,False,-2.0,0.0
OP-0041,2026-06-26,2026-06-30,2026-06-27,M-02,P-01,Tarde,1500,1398,25,1.6,Sí,33.4,False,False,-3.0,0.0
OP-0111,2026-06-25,2026-07-01,2026-07-03,M-02,P-02,Tarde,1600,1574,27,3.0,Sí,31.9,False,False,2.0,1.0
OP-0304,2026-06-02,2026-06-08,2026-06-10,M-02,P-02,Noche,1200,1136,16,6.2,Sí,32.9,False,False,2.0,1.0
OP-0395,2026-05-11,2026-05-15,2026-05-15,M-01,P-02,Mañana,600,574,12,2.0,Sí,34.3,False,False,0.0,0.0
OP-0049,2026-07-21,2026-07-24,2026-07-23,M-03,P-04,Mañana,1700,1585,76,0.4,Sí,34.1,False,False,-1.0,0.0
OP-0019,2026-06-01,2026-06-05,2026-06-06,M-04,P-04,Tarde,1200,1197,16,1.5,No,30.0,False,False,1.0,1.0
OP-0044,2026-06-11,2026-06-15,2026-06-15,M-02,P-02,Mañana,1600,1551,20,1.2,Sí,28.9,False,False,0.0,0.0
OP-0274,2026-05-06,2026-05-10,2026-05-11,M-03,P-04,Mañana,1800,1796,91,2.7,Sí,34.7,False,False,1.0,1.0
OP-0091,2026-04-30,2026-05-06,2026-05-07,M-01,P-01,Mañana,1500,1456,21,7.4,Sí,32.8,False,False,1.0,1.0
OP-0276,2026-08-13,2026-08-19,2026-08-22,M-02,P-01,Tarde,800,798,17,2.1,Sí,30.6,True,False,3.0,1.0
OP-0335,2026-05-15,2026-05-20,2026-05-19,M-01,P-02,Tarde,800,767,19,1.4,Sí,31.9,False,False,-1.0,0.0
OP-0161,2026-03-04,2026-03-06,2026-03-07,M-01,P-01,Tarde,1000,932,13,4.2,Sí,32.3,False,False,1.0,1.0
OP-0115,2026-03-19,2026-03-21,2026-03-21,M-01,P-01,Mañana,1600,1590,29,1.1,No,31.6,False,False,0.0,0.0
OP-0329,2026-07-06,2026-07-09,2026-07-11,M-03,P-05,Noche,600,564,29,2.7,Sí,32.9,False,False,2.0,1.0
OP-0069,2026-08-05,2026-08-11,2026-08-12,M-01,P-02,Tarde,1300,1252,22,4.3,No,32.3,False,False,1.0,1.0
OP-0216,2026-03-02,2026-03-04,2026-03-05,M-03,P-05,Mañana,1600,1508,67,1.2,Sí,33.2,False,False,1.0,1.0
OP-0132,2026-03-12,2026-03-18,2026-03-22,M-04,P-04,Mañana,1100,1057,12,7.2,Sí,31.7,False,False,4.0,1.0
OP-0002,2026-06-22,2026-06-24,2026-06-24,M-02,P-01,Mañana,1800,1777,21,2.4,Sí,35.1,False,False,0.0,0.0
OP-0188,2026-07-16,2026-07-19,2026-07-19,M-01,P-02,Mañana,1700,1605,37,1.9,Sí,32.1,False,False,0.0,0.0
OP-0228,2026-03-30,2026-04-05,2026-04-06,M-03,P-03,Tarde,800,748,23,4.5,Sí,33.1,False,False,1.0,1.0
OP-0179,2026-05-01,2026-05-03,2026-05-02,M-04,P-04,Noche,500,474,14,1.2,Sí,31.6,False,False,-1.0,0.0
OP-0328,2026-05-05,2026-05-08,2026-05-11,M-03,P-03,Tarde,1400,1316,52,7.2,Sí,35.2,False,False,3.0,1.0
OP-0182,2026-04-29,2026-05-04,2026-05-06,M-04,P-03,Noche,1800,1799,27,1.4,Sí,31.5,False,False,2.0,1.0
OP-0134,2026-03-24,2026-03-27,2026-03-28,M-02,P-01,Noche,1500,1420,24,7.4,Sí,31.7,False,False,1.0,1.0
OP-0249,2026-04-03,2026-04-07,2026-04-07,M-02,P-01,Mañana,500,466,5,2.3,Sí,32.2,False,False,0.0,0.0
OP-0284,2026-05-06,2026-05-08,2026-05-12,M-01,P-02,Noche,1500,1411,33,4.1,No,31.5,False,False,4.0,1.0
OP-0169,2026-03-20,2026-03-25,2026-03-27,M-02,P-02,Mañana,1700,1630,18,5.5,No,31.5,False,False,2.0,1.0
OP-0336,2026-06-03,2026-06-05,2026-06-06,M-03,P-03,Mañana,1700,1643,72,7.6,Sí,35.1,False,False,1.0,1.0
OP-0264,2026-03-20,2026-03-26,2026-03-28,M-01,P-01,Tarde,600,565,10,2.6,Sí,30.6,False,False,2.0,1.0
OP-0143,2026-05-15,2026-05-17,2026-05-18,M-04,P-03,Noche,800,774,14,1.8,Sí,31.3,True,False,1.0,1.0
OP-0246,2026-04-13,2026-04-17,2026-04-18,M-04,P-03,Tarde,1800,1680,22,1.8,Sí,29.1,True,False,1.0,1.0
OP-0301,2026-03-02,2026-03-06,2026-03-10,M-04,P-04,Tarde,700,693,9,1.8,No,33.4,False,False,4.0,1.0
OP-0028,2026-06-15,2026-06-19,2026-06-17,M-01,P-02,Tarde,800,767,18,0.6,Sí,31.8,False,True,-2.0,0.0
OP-0139,2026-05-20,2026-05-25,2026-05-27,M-04,P-03,Tarde,700,675,5,3.9,Sí,31.5,False,False,2.0,1.0
OP-0364,2026-06-08,2026-06-10,2026-06-10,M-01,P-02,Tarde,800,796,16,0.7,No,32.5,False,False,0.0,0.0
OP-0090,2026-06-08,2026-06-14,2026-06-13,M-02,P-01,Mañana,1700,1679,28,2.1,Sí,30.7,True,False,-1.0,0.0
OP-0407,2026-05-18,2026-05-23,2026-05-24,M-02,P-02,Tarde,1300,1241,14,5.3,Sí,32.2,False,False,1.0,1.0
OP-0024,2026-06-11,2026-06-14,2026-06-11,M-04,P-03,Mañana,500,487,11,1.3,Sí,29.5,False,False,-3.0,0.0
OP-0097,2026-04-17,2026-04-23,2026-04-24,M-02,P-01,Mañana,1600,1568,29,2.0,Sí,32.1,False,False,1.0,1.0
OP-0080,2026-05-15,2026-05-18,2026-05-21,M-04,P-04,Tarde,1500,1492,22,2.1,No,29.6,False,False,3.0,1.0
OP-0193,2026-04-09,2026-04-15,2026-04-16,M-01,P-02,Noche,1500,1498,33,2.8,Sí,32.8,False,False,1.0,1.0
OP-0243,2026-06-01,2026-06-04,2026-06-01,M-01,P-02,Mañana,1500,1445,31,4.3,Sí,32.1,False,False,-3.0,0.0
OP-0371,2026-07-29,2026-07-31,2026-07-31,M-03,P-03,Mañana,1200,1199,59,1.8,Sí,34.8,False,False,0.0,0.0
OP-0172,2026-04-23,2026-04-28,2026-04-28,M-02,P-01,Tarde,1500,1490,27,6.2,Sí,30.5,False,False,0.0,0.0
OP-0327,2026-03-26,2026-04-01,2026-03-31,M-04,P-04,Mañana,1500,1446,16,2.9,Sí,33.1,False,False,-1.0,0.0
OP-0068,2026-07-21,2026-07-24,2026-07-25,M-02,P-01,Mañana,1000,967,14,1.0,Sí,32.0,False,False,1.0,1.0
OP-0146,2026-07-17,2026-07-21,2026-07-21,M-01,P-02,Tarde,1000,935,17,4.9,Sí,31.8,False,True,0.0,0.0
OP-0409,2026-05-07,2026-05-09,2026-05-11,M-01,P-01,Noche,600,588,10,0.3,Sí,32.1,False,False,2.0,1.0
OP-0082,2026-04-09,2026-04-12,2026-04-13,M-02,P-01,Noche,600,565,13,0.4,Sí,30.8,False,False,1.0,1.0
OP-0232,2026-07-23,2026-07-25,2026-07-27,M-02,P-02,Noche,1800,1697,26,3.5,Sí,30.8,False,False,2.0,1.0
OP-0038,2026-03-04,2026-03-10,2026-03-11,M-02,P-01,Tarde,1700,1653,18,5.0,Sí,31.3,False,False,1.0,1.0
OP-0331,2026-03-23,2026-03-25,2026-03-27,M-03,P-04,Mañana,700,653,30,4.6,Sí,35.9,False,False,2.0,1.0
OP-0386,2026-04-30,2026-05-06,2026-05-08,M-04,P-04,Mañana,1500,1493,27,1.9,No,32.1,False,False,2.0,1.0
OP-0141,2026-04-07,2026-04-11,2026-04-12,M-02,P-01,Mañana,1100,1094,19,1.4,Sí,30.4,False,False,1.0,1.0
OP-0035,2026-05-13,2026-05-19,2026-05-18,M-02,P-02,Mañana,500,476,4,2.0,Sí,31.85,False,True,-1.0,0.0
OP-0389,2026-05-28,2026-05-30,2026-06-02,M-01,P-01,Tarde,1000,948,18,7.2,Sí,30.8,False,False,3.0,1.0
OP-0126,2026-06-12,2026-06-14,2026-06-14,M-02,P-01,Tarde,1200,1173,16,3.6,Sí,32.0,False,False,0.0,0.0
OP-0237,2026-05-15,2026-05-21,2026-05-22,M-02,P-01,Noche,1300,1269,12,3.0,Sí,31.5,False,False,1.0,1.0
OP-0302,2026-06-03,2026-06-09,2026-06-10,M-01,P-02,Tarde,700,670,6,4.0,Sí,31.6,False,False,1.0,1.0
OP-0417,2026-06-25,2026-06-30,2026-07-02,M-01,P-02,Noche,500,466,12,3.4,No,31.0,False,False,2.0,1.0
OP-0254,2026-05-18,2026-05-23,2026-05-20,M-01,P-02,Tarde,700,691,12,0.9,Sí,33.9,False,False,-3.0,0.0
OP-0177,2026-04-06,2026-04-08,2026-04-07,M-02,P-01,Tarde,1300,1229,18,3.3,Sí,33.3,False,False,-1.0,0.0
OP-0093,2026-04-17,2026-04-19,2026-04-21,M-02,P-01,Mañana,1200,1169,16,4.1,Sí,33.1,False,False,2.0,1.0
OP-0110,2026-03-24,2026-03-26,2026-03-29,M-04,P-05,Mañana,1400,1310,20,5.8,No,33.9,False,False,3.0,1.0
OP-0281,2026-03-31,2026-04-05,2026-04-04,M-01,P-02,Mañana,1400,1362,21,0.6,Sí,32.0,False,False,-1.0,0.0
OP-0339,2026-07-21,2026-07-26,2026-07-26,M-01,P-02,Mañana,1800,1751,35,1.5,Sí,30.5,False,False,0.0,0.0
OP-0072,2026-07-03,2026-07-06,2026-07-06,M-02,P-02,Tarde,1200,1133,23,1.2,Sí,32.1,False,False,0.0,0.0
OP-0162,2026-08-14,2026-08-16,2026-08-15,M-04,P-03,Tarde,600,582,6,1.8,Sí,32.1,False,False,-1.0,0.0
OP-0333,2026-03-27,2026-03-29,2026-03-29,M-03,P-03,Mañana,1400,1316,51,2.1,Sí,34.5,False,False,0.0,0.0
OP-0338,2026-06-23,2026-06-28,2026-06-29,M-03,P-05,Noche,800,746,27,4.3,Sí,33.0,False,False,1.0,1.0
OP-0092,2026-05-08,2026-05-14,2026-05-21,M-03,P-04,Noche,800,787,30,21.3,No,33.2,False,False,7.0,1.0
OP-0192,2026-04-23,2026-04-25,2026-04-26,M-01,P-01,Tarde,1100,1057,16,2.6,Sí,29.5,False,False,1.0,1.0
OP-0410,2026-03-20,2026-03-25,2026-03-25,M-04,P-03,Mañana,1500,1444,25,4.4,No,31.8,False,False,0.0,0.0
