id_orden,id_maquina,id_producto,id_turno,fecha_inicio,fecha_fin_plan,fecha_fin_real,cant_plan,cant_prod,defectuosas,horas_parada,temperatura_c,mp_disponible,dias_retraso,retrasada
OP-0383,M-04,P-03,3,2026-03-31,2026-04-06,2026-04-08,1600,1544,28,0.6,30.5,No,2.0,1.0
OP-0398,M-02,P-01,2,2026-07-28,2026-08-03,2026-08-02,500,472,7,1.1,33.2,Sí,-1.0,0.0
OP-0352,M-01,P-01,2,2026-07-28,2026-08-03,2026-08-04,1100,1063,16,0.0,33.4,Sí,1.0,1.0
OP-0391,M-03,P-03,1,2026-04-28,2026-04-30,2026-04-30,1300,1287,57,1.0,34.3,Sí,0.0,0.0
OP-0200,M-02,P-01,1,2026-07-29,2026-07-31,2026-08-01,1100,1066,10,5.5,34.3,Sí,1.0,1.0
OP-0171,M-02,P-01,3,2026-04-23,2026-04-28,2026-04-30,1200,1135,11,5.3,30.0,Sí,2.0,1.0
OP-0394,M-03,P-04,2,2026-06-11,2026-06-14,2026-06-20,1600,1584,63,16.2,33.3,No,6.0,1.0
OP-0054,M-03,P-05,1,2026-06-01,2026-06-04,2026-06-05,1600,1517,70,4.5,35.6,Sí,1.0,1.0
OP-0360,M-03,P-04,3,2026-03-11,2026-03-17,2026-03-18,1600,1574,92,3.2,35.4,Sí,1.0,1.0
OP-0190,M-01,P-02,2,2026-05-08,2026-05-14,2026-05-13,1600,1581,28,2.4,30.3,Sí,-1.0,0.0
OP-0316,M-02,P-01,2,2026-05-21,2026-05-25,2026-05-25,700,688,16,3.5,31.2,Sí,0.0,0.0
OP-0382,M-04,P-04,1,2026-07-23,2026-07-29,2026-07-30,700,664,11,2.1,33.9,Sí,1.0,1.0
OP-0138,M-02,P-01,2,2026-04-15,2026-04-18,2026-04-18,1600,1541,26,1.0,31.5,Sí,0.0,0.0
OP-0235,M-04,P-03,3,2026-06-02,2026-06-08,2026-06-09,1800,1693,25,2.2,30.1,Sí,1.0,1.0
OP-0272,M-01,P-02,3,2026-07-16,2026-07-18,2026-07-20,800,745,15,4.3,31.3,Sí,2.0,1.0
OP-0196,M-01,P-01,2,2026-07-14,2026-07-18,2026-07-16,500,493,7,1.7,31.7,Sí,-2.0,0.0
OP-0211,M-03,P-03,3,2026-04-16,2026-04-22,2026-04-24,1400,1324,68,4.8,33.1,Sí,2.0,1.0
OP-0071,M-01,P-02,2,2026-03-04,2026-03-06,2026-03-05,1000,975,14,1.8,31.1,Sí,-1.0,0.0
OP-0312,M-02,P-01,1,2026-03-09,2026-03-14,2026-03-12,1500,1466,19,1.3,33.6,Sí,-2.0,0.0
OP-0279,M-04,P-04,2,2026-08-13,2026-08-18,2026-08-18,1800,1781,26,1.1,29.5,Sí,0.0,0.0
OP-0282,M-01,P-02,1,2026-05-14,2026-05-18,2026-05-18,800,767,10,2.8,32.5,Sí,0.0,0.0
OP-0321,M-04,P-05,1,2026-04-14,2026-04-18,2026-04-18,1100,1088,9,2.4,30.5,Sí,0.0,0.0
OP-0347,M-04,P-04,1,2026-07-08,2026-07-11,2026-07-08,600,592,5,1.5,31.1,Sí,-3.0,0.0
OP-0175,M-01,P-01,1,2026-03-31,2026-04-06,2026-04-10,1000,989,19,9.2,31.4,No,4.0,1.0
OP-0031,M-03,P-04,1,2026-06-30,2026-07-05,2026-07-06,1300,1281,59,0.0,34.8,No,1.0,1.0
OP-0114,M-03,P-03,2,2026-03-19,2026-03-23,2026-03-24,1000,978,55,0.2,35.6,Sí,1.0,1.0
OP-0244,M-03,P-04,1,2026-07-02,2026-07-04,2026-07-09,500,478,25,16.1,37.0,Sí,5.0,1.0
OP-0323,M-02,P-01,3,2026-03-18,2026-03-23,2026-03-25,1500,1495,24,3.2,32.3,No,2.0,1.0
OP-0267,M-02,P-01,2,2026-04-27,2026-04-30,2026-04-30,1800,1699,19,0.4,33.2,Sí,0.0,0.0
OP-0203,M-02,P-01,3,2026-06-04,2026-06-06,2026-06-06,1100,1054,17,0.6,28.3,Sí,0.0,0.0
OP-0292,M-01,P-02,2,2026-04-02,2026-04-05,2026-04-07,700,699,17,3.8,30.8,Sí,2.0,1.0
OP-0199,M-01,P-02,1,2026-04-07,2026-04-11,2026-04-11,1100,1065,32,2.9,30.9,Sí,0.0,0.0
OP-0202,M-04,P-03,2,2026-03-25,2026-03-30,2026-03-30,1000,975,9,1.8,32.6,No,0.0,0.0
OP-0021,M-03,P-03,3,2026-07-08,2026-07-11,2026-07-12,1700,1690,74,4.6,34.2,Sí,1.0,1.0
OP-0387,M-03,P-05,2,2026-04-10,2026-04-15,2026-04-18,700,676,36,9.2,33.6,Sí,3.0,1.0
OP-0366,M-02,P-02,1,2026-04-02,2026-04-04,2026-04-05,800,746,9,7.2,31.85,Sí,1.0,1.0
OP-0147,M-02,P-01,3,2026-06-05,2026-06-08,2026-06-08,700,676,10,1.4,32.9,Sí,0.0,0.0
OP-0102,M-03,P-04,1,2026-03-02,2026-03-05,2026-03-08,900,887,45,8.7,33.8,Sí,3.0,1.0
OP-0208,M-03,P-04,1,2026-03-26,2026-03-28,2026-03-30,1600,1509,71,4.1,35.0,Sí,2.0,1.0
OP-0206,M-01,P-01,2,2026-03-17,2026-03-22,2026-03-24,1200,1144,13,2.3,32.0,Sí,2.0,1.0
OP-0317,M-02,P-02,1,2026-06-12,2026-06-18,2026-06-20,700,665,8,5.1,34.0,Sí,2.0,1.0
OP-0174,M-04,P-03,2,2026-05-18,2026-05-22,2026-05-19,1800,1769,27,0.9,30.8,Sí,-3.0,0.0
OP-0061,M-03,P-04,2,2026-07-15,2026-07-18,2026-07-23,1500,1421,58,14.2,33.9,Sí,5.0,1.0
OP-0357,M-03,P-04,2,2026-07-20,2026-07-25,2026-07-29,700,697,28,6.1,34.6,Sí,4.0,1.0
OP-0154,M-03,P-03,3,2026-05-25,2026-05-27,2026-05-29,800,754,30,6.3,35.2,Sí,2.0,1.0
OP-0075,M-01,P-02,3,2026-04-08,2026-04-11,2026-04-11,1100,1050,19,3.3,33.0,Sí,0.0,0.0
OP-0330,M-02,P-02,3,2026-04-15,2026-04-18,2026-04-18,1800,1761,31,3.2,33.7,Sí,0.0,0.0
OP-0118,M-03,P-03,1,2026-08-14,2026-08-19,2026-08-19,700,665,24,9.7,34.7,Sí,0.0,0.0
OP-0241,M-04,P-04,1,2026-05-11,2026-05-13,2026-05-13,800,772,13,1.0,33.5,Sí,0.0,0.0
OP-0008,M-04,P-04,3,2026-03-24,2026-03-30,2026-03-29,1100,1062,17,2.8,34.9,Sí,-1.0,0.0
OP-0222,M-02,P-02,3,2026-03-06,2026-03-08,2026-03-08,1700,1584,18,0.9,31.6,Sí,0.0,0.0
OP-0166,M-02,P-02,2,2026-03-17,2026-03-21,2026-03-21,900,876,8,1.8,28.6,Sí,0.0,0.0
OP-0289,M-03,P-05,2,2026-08-07,2026-08-12,2026-08-12,1500,1445,58,0.9,35.0,Sí,0.0,0.0
OP-0058,M-03,P-03,2,2026-06-15,2026-06-19,2026-06-20,900,851,41,0.6,36.1,Sí,1.0,1.0
OP-0400,M-02,P-01,1,2026-08-04,2026-08-07,2026-08-08,1700,1585,24,7.4,30.9,Sí,1.0,1.0
OP-0125,M-01,P-01,1,2026-05-07,2026-05-11,2026-05-13,1400,1368,23,2.1500000000000004,31.8,Sí,2.0,1.0
OP-0384,M-02,P-02,2,2026-04-23,2026-04-28,2026-04-28,1300,1217,29,2.1,30.7,Sí,0.0,0.0
OP-0088,M-02,P-01,3,2026-04-13,2026-04-16,2026-04-16,1500,1403,27,2.5,30.3,Sí,0.0,0.0
OP-0022,M-02,P-01,1,2026-08-07,2026-08-13,2026-08-13,1000,999,18,1.5,32.9,Sí,0.0,0.0
OP-0015,M-02,P-01,1,2026-07-02,2026-07-08,2026-07-08,800,782,6,2.8,32.0,Sí,0.0,0.0
OP-0040,M-03,P-04,2,2026-05-07,2026-05-11,2026-05-11,1100,1087,41,2.9,35.2,Sí,0.0,0.0
OP-0219,M-04,P-05,3,2026-07-22,2026-07-26,2026-07-24,1400,1308,15,0.7,30.1,Sí,-2.0,0.0
OP-0057,M-02,P-02,2,2026-05-14,2026-05-17,2026-05-20,900,893,10,3.8,33.5,Sin dato,3.0,1.0
OP-0277,M-02,P-02,2,2026-07-22,2026-07-28,2026-07-29,500,484,7,1.4,33.4,Sí,1.0,1.0
OP-0180,M-03,P-05,2,2026-06-22,2026-06-24,2026-06-28,1700,1612,65,9.2,33.7,Sí,4.0,1.0
OP-0032,M-04,P-04,3,2026-08-12,2026-08-15,2026-08-14,500,478,9,1.7,31.8,Sí,-1.0,0.0
OP-0271,M-01,P-02,1,2026-03-09,2026-03-15,2026-03-15,1800,1794,33,0.5,30.5,Sí,0.0,0.0
OP-0239,M-01,P-01,2,2026-03-09,2026-03-12,2026-03-12,800,778,16,2.6,32.4,Sí,0.0,0.0
OP-0251,M-03,P-03,1,2026-05-29,2026-06-03,2026-06-05,500,488,26,3.6,33.2,Sí,2.0,1.0
OP-0280,M-04,P-03,1,2026-06-18,2026-06-21,2026-06-22,1100,1070,15,1.8,34.8,Sí,1.0,1.0
OP-0191,M-04,P-03,2,2026-05-06,2026-05-08,2026-05-08,1000,951,15,3.0,31.5,Sí,0.0,0.0
OP-0201,M-04,P-04,3,2026-04-15,2026-04-20,2026-04-21,1100,1062,18,0.7,31.0,Sí,1.0,1.0
OP-0215,M-03,P-03,1,2026-04-08,2026-04-12,2026-04-13,500,476,20,9.1,33.2,Sí,1.0,1.0
OP-0136,M-01,P-01,1,2026-07-10,2026-07-14,2026-07-15,1500,1452,26,3.9,31.8,Sí,1.0,1.0
OP-0363,M-01,P-02,2,2026-05-19,2026-05-23,2026-05-22,1300,1267,24,3.2,30.9,Sin dato,-1.0,0.0
OP-0275,M-03,P-05,3,2026-06-25,2026-06-27,2026-07-01,1200,1192,44,9.9,31.3,Sí,4.0,1.0
OP-0156,M-03,P-03,2,2026-06-24,2026-06-28,2026-06-29,1500,1405,73,1.0,34.1,Sí,1.0,1.0
OP-0403,M-04,P-03,1,2026-07-06,2026-07-08,2026-07-07,600,587,11,1.5,31.9,Sí,-1.0,0.0
OP-0130,M-03,P-05,2,2026-08-12,2026-08-15,2026-08-18,500,468,27,4.1,35.0,No,3.0,1.0
OP-0105,M-04,P-05,1,2026-05-15,2026-05-21,2026-05-22,700,663,9,6.0,30.3,Sí,1.0,1.0
OP-0348,M-01,P-02,1,2026-06-17,2026-06-19,2026-06-19,700,670,12,2.2,31.4,Sí,0.0,0.0
OP-0248,M-02,P-01,3,2026-07-06,2026-07-12,2026-07-16,1000,980,15,1.7,33.7,No,4.0,1.0
OP-0412,M-03,P-03,2,2026-07-22,2026-07-27,2026-07-27,1800,1781,80,0.2,34.1,Sí,0.0,0.0
OP-0269,M-01,P-01,3,2026-03-27,2026-03-29,2026-03-29,1000,931,25,0.4,32.1,Sí,0.0,0.0
OP-0260,M-03,P-03,1,2026-04-06,2026-04-08,2026-04-12,800,746,44,7.1,32.3,Sí,4.0,1.0
OP-0062,M-02,P-02,1,2026-04-10,2026-04-14,2026-04-14,1400,1325,23,3.5,30.6,Sí,0.0,0.0
OP-0385,M-02,P-02,1,2026-04-28,2026-05-03,2026-05-02,1100,1056,15,2.1,31.5,Sí,-1.0,0.0
OP-0350,M-01,P-01,2,2026-03-30,2026-04-02,2026-04-02,700,680,13,2.7,29.4,Sí,0.0,0.0
OP-0056,M-04,P-05,1,2026-05-21,2026-05-24,2026-05-23,1300,1277,19,2.5,30.3,Sí,-1.0,0.0
OP-0414,M-04,P-03,2,2026-07-06,2026-07-10,2026-07-11,1500,1417,20,1.2,30.7,Sí,1.0,1.0
OP-0404,M-01,P-02,2,2026-03-18,2026-03-22,2026-03-21,1300,1226,22,2.1,34.9,Sí,-1.0,0.0
OP-0042,M-04,P-05,1,2026-07-27,2026-07-30,2026-08-01,500,473,8,0.5,31.4,No,2.0,1.0
OP-0297,M-04,P-05,2,2026-08-06,2026-08-11,2026-08-12,1000,962,7,2.4,30.4,No,1.0,1.0
OP-0017,M-03,P-04,1,2026-08-10,2026-08-13,2026-08-13,600,566,24,6.2,34.7,Sí,0.0,0.0
OP-0377,M-04,P-05,1,2026-05-27,2026-06-01,2026-06-02,1300,1298,24,3.4,33.5,Sí,1.0,1.0
OP-0278,M-02,P-02,2,2026-03-24,2026-03-28,2026-03-28,1100,1029,17,2.5,31.8,Sí,0.0,0.0
OP-0230,M-01,P-02,1,2026-03-25,2026-03-31,2026-04-03,1300,1290,28,4.8,31.9,No,3.0,1.0
OP-0238,M-04,P-04,1,2026-07-16,2026-07-21,,900,883,12,2.7,36.3,No,,
OP-0270,M-01,P-01,2,2026-03-31,2026-04-06,2026-04-05,800,796,21,0.8,31.0,Sí,-1.0,0.0
OP-0332,M-01,P-01,1,2026-05-27,2026-05-30,2026-05-30,1000,950,20,3.8,32.8,Sí,0.0,0.0
OP-0375,M-01,P-02,1,2026-03-18,2026-03-21,2026-03-22,1000,953,21,0.9,31.5,Sí,1.0,1.0
OP-0137,M-04,P-03,1,2026-04-10,2026-04-12,,600,590,4,2.3,31.6,Sí,,
OP-0356,M-03,P-05,3,2026-05-20,2026-05-24,2026-05-25,1600,1576,77,4.9,33.7,Sí,1.0,1.0
OP-0122,M-03,P-04,2,2026-03-26,2026-03-30,2026-04-01,900,876,36,4.5,32.8,No,2.0,1.0
OP-0181,M-04,P-05,2,2026-07-07,2026-07-13,2026-07-13,1300,1262,12,3.4,32.9,Sí,0.0,0.0
OP-0151,M-04,P-04,1,2026-05-25,2026-05-30,2026-05-30,900,867,10,3.5,32.3,Sí,0.0,0.0
OP-0217,M-01,P-02,2,2026-03-16,2026-03-20,2026-03-23,1500,1464,29,1.1,31.1,No,3.0,1.0
OP-0027,M-02,P-02,3,2026-04-21,2026-04-26,2026-04-26,800,749,10,0.8,30.2,Sí,0.0,0.0
OP-0050,M-01,P-01,2,2026-07-22,2026-07-28,2026-07-31,1000,958,24,2.1500000000000004,31.4,Sí,3.0,1.0
OP-0231,M-01,P-01,2,2026-03-11,2026-03-14,2026-03-16,1300,1210,33,3.5,30.5,Sí,2.0,1.0
OP-0183,M-02,P-02,3,2026-04-23,2026-04-26,2026-04-27,1100,1099,21,2.1,30.6,Sí,1.0,1.0
OP-0084,M-01,P-02,2,2026-06-17,2026-06-21,2026-06-23,700,655,12,1.1,32.6,No,2.0,1.0
OP-0012,M-04,P-05,3,2026-06-22,2026-06-28,2026-06-27,1200,1193,11,1.5,31.2,Sí,-1.0,0.0
OP-0140,M-01,P-01,2,2026-07-28,2026-07-30,2026-07-29,1100,1071,11,2.4,30.0,Sí,-1.0,0.0
OP-0393,M-03,P-04,3,2026-08-04,2026-08-08,2026-08-10,800,760,54,3.1,33.8,Sí,2.0,1.0
OP-0185,M-04,P-05,3,2026-06-23,2026-06-25,2026-06-25,1100,1072,18,4.3,30.9,Sí,0.0,0.0
OP-0013,M-03,P-04,2,2026-07-31,2026-08-06,2026-08-07,1800,1705,76,2.1,33.8,Sí,1.0,1.0
OP-0220,M-02,P-01,3,2026-07-08,2026-07-11,2026-07-11,1700,1588,20,4.1,32.2,Sí,0.0,0.0
OP-0379,M-02,P-01,2,2026-03-13,2026-03-18,2026-03-18,800,751,15,2.9,32.8,No,0.0,0.0
OP-0103,M-01,P-01,1,2026-03-06,2026-03-08,2026-03-09,900,853,16,5.5,31.6,Sí,1.0,1.0
OP-0361,M-04,P-03,1,2026-04-27,2026-04-29,2026-04-28,1300,1235,25,0.3,30.6,Sí,-1.0,0.0
OP-0145,M-02,P-02,2,2026-06-29,2026-07-02,2026-07-04,900,883,13,0.9,31.5,Sí,2.0,1.0
OP-0029,M-01,P-01,1,2026-03-11,2026-03-15,2026-03-16,1500,1487,34,4.7,32.5,Sí,1.0,1.0
OP-0290,M-01,P-01,2,2026-07-24,2026-07-26,2026-07-25,1600,1545,26,0.4,30.6,Sí,-1.0,0.0
OP-0107,M-02,P-01,3,2026-03-24,2026-03-30,2026-03-30,1500,1430,23,0.8,32.2,Sí,0.0,0.0
OP-0311,M-02,P-02,1,2026-05-28,2026-06-03,2026-06-03,900,843,11,1.4,31.5,Sí,0.0,0.0
OP-0351,M-03,P-04,1,2026-07-20,2026-07-23,2026-07-24,1000,932,48,1.8,33.1,Sí,1.0,1.0
OP-0187,M-02,P-01,3,2026-07-30,2026-08-04,2026-08-05,1600,1592,22,0.9,34.9,No,1.0,1.0
OP-0083,M-04,P-03,3,2026-06-10,2026-06-15,2026-06-14,1000,945,12,1.3,29.9,Sí,-1.0,0.0
OP-0053,M-04,P-05,1,2026-07-22,2026-07-27,2026-07-25,700,688,10,1.3,30.4,Sí,-2.0,0.0
OP-0135,M-03,P-05,1,2026-06-08,2026-06-14,2026-06-18,1300,1285,55,14.9,33.2,Sí,4.0,1.0
OP-0131,M-01,P-01,2,2026-06-15,2026-06-21,2026-06-22,1000,946,22,2.1500000000000004,31.0,Sí,1.0,1.0
OP-0159,M-03,P-03,3,2026-03-02,2026-03-06,2026-03-10,700,689,31,11.5,33.3,Sí,4.0,1.0
OP-0099,M-01,P-01,1,2026-06-04,2026-06-09,2026-06-08,800,763,13,3.4,32.4,Sí,-1.0,0.0
OP-0218,M-01,P-02,2,2026-05-13,2026-05-15,2026-05-17,1800,1709,28,3.4,33.0,No,2.0,1.0
OP-0319,M-02,P-01,1,2026-04-17,2026-04-20,2026-04-22,1200,1187,15,4.3,36.3,Sí,2.0,1.0
OP-0233,M-04,P-03,2,2026-04-15,2026-04-19,2026-04-19,1100,1093,18,1.7,33.4,Sí,0.0,0.0
OP-0240,M-01,P-02,1,2026-03-17,2026-03-21,2026-03-20,700,698,15,1.0,31.5,Sí,-1.0,0.0
OP-0252,M-04,P-04,2,2026-07-06,2026-07-08,2026-07-08,1400,1362,21,0.9,30.7,Sí,0.0,0.0
OP-0106,M-03,P-03,1,2026-07-13,2026-07-17,2026-07-17,1700,1681,77,4.5,35.8,Sí,0.0,0.0
OP-0164,M-01,P-02,1,2026-05-26,2026-06-01,2026-05-30,1100,1095,25,0.9,31.9,Sí,-2.0,0.0
OP-0213,M-01,P-02,1,2026-05-26,2026-06-01,2026-05-31,700,678,15,0.8,33.6,Sí,-1.0,0.0
OP-0355,M-02,P-02,1,2026-07-17,2026-07-20,2026-07-19,700,656,10,1.8,33.8,Sí,-1.0,0.0
OP-0104,M-04,P-05,2,2026-04-27,2026-05-03,2026-05-03,1200,1129,14,2.3,32.2,No,0.0,0.0
OP-0406,M-04,P-04,1,2026-03-19,2026-03-21,2026-03-21,1500,1423,26,2.9,28.2,Sí,0.0,0.0
OP-0078,M-03,P-04,2,2026-05-20,2026-05-25,2026-05-27,800,798,29,8.6,33.8,Sin dato,2.0,1.0
OP-0009,M-01,P-02,1,2026-04-16,2026-04-18,2026-04-19,1200,1165,13,0.9,31.3,Sí,1.0,1.0
OP-0003,M-04,P-03,1,2026-03-30,2026-04-02,2026-04-03,1500,1474,26,0.6,29.3,Sí,1.0,1.0
OP-0283,M-01,P-01,1,2026-08-03,2026-08-09,,1500,1455,25,4.8,32.6,Sí,,
OP-0170,M-04,P-03,1,2026-08-12,2026-08-18,2026-08-18,800,787,6,1.8,33.5,Sí,0.0,0.0
OP-0212,M-03,P-03,3,2026-03-12,2026-03-16,2026-03-21,800,787,34,7.5,33.3,No,5.0,1.0
OP-0026,M-01,P-02,2,2026-04-13,2026-04-16,2026-04-18,1300,1299,26,2.2,30.9,No,2.0,1.0
OP-0234,M-03,P-05,1,2026-07-16,2026-07-21,2026-07-22,900,872,39,1.0,34.5,Sí,1.0,1.0
OP-0397,M-04,P-04,3,2026-07-14,2026-07-19,2026-07-16,1200,1198,17,1.3,30.9,Sí,-3.0,0.0
OP-0299,M-04,P-03,2,2026-04-13,2026-04-15,2026-04-15,1700,1668,26,0.4,32.3,Sí,0.0,0.0
OP-0051,M-01,P-02,2,2026-04-24,2026-04-30,2026-05-01,1100,1096,19,1.2,32.0,Sí,1.0,1.0
OP-0086,M-01,P-02,3,2026-04-17,2026-04-22,2026-04-21,1300,1215,23,3.5,30.7,Sí,-1.0,0.0
OP-0160,M-03,P-04,1,2026-08-14,2026-08-17,2026-08-22,800,785,38,16.7,33.3,Sí,5.0,1.0
OP-0165,M-03,P-05,3,2026-03-18,2026-03-22,2026-03-23,1400,1318,58,2.2,34.1,Sí,1.0,1.0
OP-0362,M-01,P-02,3,2026-04-06,2026-04-09,2026-04-08,800,788,16,1.9,31.3,Sí,-1.0,0.0
OP-0023,M-04,P-05,2,2026-06-05,2026-06-11,2026-06-10,1800,1718,38,0.6,32.6,Sí,-1.0,0.0
OP-0063,M-03,P-04,2,2026-05-07,2026-05-10,2026-05-12,1800,1677,90,4.5,32.8,Sí,2.0,1.0
OP-0388,M-04,P-05,1,2026-03-10,2026-03-16,2026-03-16,700,699,15,1.8,29.3,Sí,0.0,0.0
OP-0100,M-04,P-05,3,2026-03-30,2026-04-05,2026-04-04,700,674,9,1.8,31.5,Sí,-1.0,0.0
OP-0419,M-01,P-02,2,2026-03-25,2026-03-31,2026-03-30,700,657,13,0.5,29.9,Sí,-1.0,0.0
OP-0298,M-04,P-04,1,2026-04-17,2026-04-23,2026-04-25,1800,1793,36,2.5,28.7,No,2.0,1.0
OP-0198,M-04,P-05,1,2026-05-21,2026-05-26,2026-05-26,1100,1048,18,1.3,31.7,Sí,0.0,0.0
OP-0204,M-01,P-02,2,2026-07-27,2026-07-30,2026-07-30,1200,1179,27,1.2,33.8,Sí,0.0,0.0
OP-0291,M-04,P-05,3,2026-05-15,2026-05-19,2026-05-20,1600,1523,29,5.8,33.3,Sí,1.0,1.0
OP-0096,M-03,P-03,1,2026-07-15,2026-07-20,2026-07-23,1800,1740,94,4.9,32.4,Sí,3.0,1.0
OP-0152,M-04,P-05,3,2026-06-02,2026-06-08,2026-06-09,1000,997,13,1.4,32.0,Sí,1.0,1.0
OP-0205,M-01,P-02,3,2026-07-31,2026-08-05,2026-08-06,1500,1430,27,1.4,34.1,No,1.0,1.0
OP-0310,M-01,P-02,2,2026-03-05,2026-03-07,2026-03-07,1000,941,15,0.8,31.8,No,0.0,0.0
OP-0256,M-03,P-03,1,2026-05-01,2026-05-04,2026-05-07,700,656,35,7.0,34.8,Sí,3.0,1.0
OP-0305,M-04,P-04,1,2026-05-05,2026-05-10,2026-05-09,1500,1460,20,1.4,33.1,Sí,-1.0,0.0
OP-0401,M-02,P-02,1,2026-06-25,2026-06-28,2026-07-01,1200,1149,17,5.6,31.7,No,3.0,1.0
OP-0326,M-03,P-03,2,2026-06-03,2026-06-07,2026-06-09,1300,1290,67,8.7,35.5,Sí,2.0,1.0
OP-0133,M-03,P-05,1,2026-08-05,2026-08-11,2026-08-10,800,786,33,0.2,37.3,Sí,-1.0,0.0
OP-0408,M-04,P-04,1,2026-06-12,2026-06-15,2026-06-16,600,573,9,5.5,31.6,Sí,1.0,1.0
OP-0117,M-03,P-05,2,2026-05-15,2026-05-18,2026-05-22,1600,1552,64,8.2,34.5,No,4.0,1.0
OP-0087,M-03,P-04,1,2026-04-21,2026-04-25,2026-04-29,600,600,23,4.5,34.6,Sí,4.0,1.0
OP-0378,M-02,P-02,1,2026-03-31,2026-04-05,2026-04-04,1000,963,12,1.3,28.1,Sí,-1.0,0.0
OP-0124,M-02,P-01,3,2026-05-11,2026-05-15,2026-05-15,600,587,8,0.5,32.6,Sí,0.0,0.0
OP-0047,M-02,P-02,2,2026-03-31,2026-04-06,2026-04-05,1500,1432,21,5.4,30.7,Sí,-1.0,0.0
OP-0004,M-03,P-05,1,2026-03-23,2026-03-27,2026-03-31,700,665,38,4.7,32.7,No,4.0,1.0
OP-0113,M-02,P-01,1,2026-06-10,2026-06-16,2026-06-15,1500,1418,22,0.2,33.8,Sí,-1.0,0.0
OP-0184,M-02,P-01,2,2026-07-10,2026-07-16,2026-07-15,1300,1257,21,1.1,29.3,Sí,-1.0,0.0
OP-0155,M-01,P-01,3,2026-04-20,2026-04-26,2026-04-27,1700,1607,32,2.2,31.8,Sí,1.0,1.0
OP-0296,M-04,P-03,1,2026-06-18,2026-06-20,2026-06-20,1200,1134,19,0.8,31.9,Sí,0.0,0.0
OP-0095,M-02,P-02,1,2026-06-18,2026-06-20,2026-06-20,600,585,5,1.7,30.8,Sí,0.0,0.0
OP-0399,M-02,P-01,2,2026-03-05,2026-03-11,2026-03-12,1700,1617,25,0.3,30.7,No,1.0,1.0
OP-0052,M-01,P-02,2,2026-04-23,2026-04-29,2026-04-27,1300,1214,30,2.1500000000000004,29.2,Sí,-2.0,0.0
OP-0037,M-01,P-02,3,2026-06-01,2026-06-06,,1100,1049,24,0.6,32.2,Sí,,
OP-0229,M-03,P-03,2,2026-03-05,2026-03-09,2026-03-11,1600,1578,64,1.8,34.7,No,2.0,1.0
OP-0014,M-04,P-04,3,2026-07-31,2026-08-02,,1100,1080,14,5.5,30.6,Sí,,
OP-0263,M-02,P-02,1,2026-08-10,2026-08-15,2026-08-16,1500,1438,26,2.2,30.1,Sí,1.0,1.0
OP-0257,M-04,P-04,3,2026-05-08,2026-05-12,2026-05-12,800,771,13,2.5,29.6,Sí,0.0,0.0
OP-0266,M-01,P-01,1,2026-03-16,2026-03-18,2026-03-18,1400,1393,32,3.0,32.7,Sí,0.0,0.0
OP-0308,M-03,P-03,1,2026-06-29,2026-07-05,2026-07-05,600,587,25,5.6,34.6,Sí,0.0,0.0
OP-0325,M-04,P-05,2,2026-04-28,2026-05-02,,1200,1126,18,2.2,30.6,No,,
OP-0372,M-02,P-01,2,2026-03-17,2026-03-21,2026-03-23,1000,931,11,3.1,31.2,No,2.0,1.0
OP-0010,M-02,P-01,3,2026-04-17,2026-04-21,2026-04-22,1200,1149,23,0.4,29.9,Sí,1.0,1.0
OP-0258,M-01,P-02,2,2026-04-07,2026-04-13,2026-04-14,1600,1556,31,1.0,30.1,Sin dato,1.0,1.0
OP-0129,M-01,P-01,3,2026-04-17,2026-04-23,2026-04-23,700,671,9,2.0,32.8,Sin dato,0.0,0.0
OP-0337,M-01,P-01,1,2026-06-16,2026-06-20,2026-06-18,600,570,4,2.4,32.0,Sí,-2.0,0.0
OP-0079,M-03,P-04,1,2026-06-15,2026-06-21,2026-06-21,1300,1291,49,4.5,33.7,Sí,0.0,0.0
OP-0046,M-04,P-05,2,2026-05-14,2026-05-18,2026-05-19,1400,1307,12,1.5,31.4,Sí,1.0,1.0
OP-0116,M-04,P-03,1,2026-05-05,2026-05-07,2026-05-06,1100,1046,18,2.7,31.5,Sí,-1.0,0.0
OP-0413,M-01,P-02,1,2026-08-10,2026-08-12,2026-08-12,600,582,17,4.5,32.9,Sí,0.0,0.0
OP-0358,M-04,P-03,1,2026-08-05,2026-08-11,2026-08-13,1700,1584,29,2.0,33.1,No,2.0,1.0
OP-0158,M-03,P-03,2,2026-06-18,2026-06-24,2026-06-25,900,864,37,4.2,35.7,Sin dato,1.0,1.0
OP-0025,M-04,P-05,1,2026-07-03,2026-07-09,2026-07-10,1500,1445,22,4.0,29.5,Sí,1.0,1.0
OP-0273,M-01,P-01,1,2026-03-11,2026-03-16,2026-03-15,900,885,11,1.6,32.6,Sí,-1.0,0.0
OP-0346,M-04,P-04,1,2026-07-29,2026-07-31,2026-07-31,1100,1053,21,3.5,33.6,Sí,0.0,0.0
OP-0259,M-01,P-02,1,2026-06-15,2026-06-18,2026-06-18,1800,1705,35,0.5,32.7,Sí,0.0,0.0
OP-0127,M-02,P-01,1,2026-07-27,2026-07-31,2026-07-30,1600,1496,25,0.4,30.0,Sí,-1.0,0.0
OP-0365,M-03,P-03,3,2026-05-18,2026-05-21,2026-05-24,600,599,25,4.9,35.8,No,3.0,1.0
OP-0295,M-04,P-04,3,2026-05-19,2026-05-21,2026-05-24,1300,1225,20,0.5,28.6,Sí,3.0,1.0
OP-0396,M-02,P-01,3,2026-04-03,2026-04-07,2026-04-10,800,774,11,4.4,31.4,No,3.0,1.0
OP-0236,M-04,P-04,1,2026-05-29,2026-06-04,2026-06-05,1200,1133,18,3.0,31.9,No,1.0,1.0
OP-0034,M-02,P-02,1,2026-05-06,2026-05-08,2026-05-07,1800,1785,34,0.6,32.4,Sí,-1.0,0.0
OP-0303,M-03,P-03,1,2026-07-03,2026-07-05,2026-07-08,1700,1682,61,5.4,34.2,No,3.0,1.0
OP-0368,M-03,P-04,1,2026-06-23,2026-06-25,2026-06-27,600,581,19,4.0,32.7,Sí,2.0,1.0
OP-0123,M-01,P-01,3,2026-03-05,2026-03-08,2026-03-10,1000,939,20,1.0,31.1,No,2.0,1.0
OP-0221,M-02,P-02,2,2026-03-17,2026-03-19,2026-03-19,600,582,11,1.0,32.7,Sí,0.0,0.0
OP-0064,M-03,P-03,1,2026-07-31,2026-08-05,2026-08-07,1800,1795,76,3.5,32.7,Sí,2.0,1.0
OP-0286,M-02,P-02,2,2026-07-27,2026-08-02,2026-08-03,1500,1403,21,0.2,34.7,No,1.0,1.0
OP-0067,M-03,P-05,2,2026-04-22,2026-04-25,2026-04-26,1300,1277,67,1.4,32.0,Sí,1.0,1.0
OP-0195,M-01,P-01,1,2026-06-29,2026-07-03,2026-07-03,1400,1391,24,1.8,32.6,Sí,0.0,0.0
OP-0178,M-04,P-04,2,2026-03-10,2026-03-14,2026-03-15,1400,1330,20,0.3,32.7,Sí,1.0,1.0
OP-0207,M-01,P-02,3,2026-04-24,2026-04-26,2026-04-27,1300,1221,25,2.1500000000000004,32.8,Sí,1.0,1.0
OP-0128,M-01,P-01,1,2026-08-04,2026-08-09,2026-08-08,1400,1346,23,1.1,31.4,Sí,-1.0,0.0
OP-0300,M-03,P-05,3,2026-07-02,2026-07-07,2026-07-10,500,473,25,4.8,37.2,Sí,3.0,1.0
OP-0359,M-02,P-02,3,2026-05-19,2026-05-25,2026-05-25,1200,1167,21,2.5,31.0,Sí,0.0,0.0
OP-0001,M-04,P-05,2,2026-07-31,2026-08-04,2026-08-04,1500,1473,25,6.2,29.2,Sí,0.0,0.0
OP-0227,M-01,P-01,1,2026-04-28,2026-05-01,2026-05-02,1500,1441,32,2.0,33.4,Sí,1.0,1.0
OP-0392,M-01,P-02,1,2026-04-14,2026-04-16,2026-04-19,1600,1538,24,1.0,32.6,No,3.0,1.0
OP-0416,M-01,P-02,2,2026-07-16,2026-07-19,2026-07-19,1100,1049,20,3.8,36.2,Sí,0.0,0.0
OP-0250,M-02,P-02,2,2026-05-25,2026-05-31,2026-05-31,1600,1537,26,0.7,30.5,Sí,0.0,0.0
OP-0109,M-01,P-01,3,2026-04-09,2026-04-14,2026-04-14,700,693,12,0.5,33.0,Sí,0.0,0.0
OP-0194,M-04,P-05,3,2026-07-03,2026-07-07,2026-07-07,600,599,12,1.7,32.6,Sí,0.0,0.0
OP-0006,M-04,P-04,3,2026-04-16,2026-04-19,2026-04-17,600,568,8,1.8,29.4,Sí,-2.0,0.0
OP-0261,M-01,P-01,1,2026-06-17,2026-06-20,2026-06-20,1700,1608,36,2.1500000000000004,31.7,Sí,0.0,0.0
OP-0354,M-03,P-05,3,2026-05-19,2026-05-22,2026-05-24,900,864,48,4.5,35.8,Sí,2.0,1.0
OP-0380,M-03,P-04,2,2026-03-24,2026-03-27,2026-03-28,500,467,24,0.6,33.6,Sí,1.0,1.0
OP-0060,M-01,P-01,2,2026-04-27,2026-05-01,2026-05-02,1400,1378,32,1.0,31.4,No,1.0,1.0
OP-0048,M-02,P-02,3,2026-08-05,2026-08-10,2026-08-10,1500,1486,19,3.2,35.0,Sí,0.0,0.0
OP-0287,M-01,P-01,3,2026-08-07,2026-08-10,2026-08-10,1300,1275,22,1.1,33.4,Sí,0.0,0.0
OP-0121,M-03,P-03,3,2026-08-06,2026-08-09,2026-08-10,800,778,31,3.0,33.0,Sí,1.0,1.0
OP-0247,M-03,P-04,3,2026-04-24,2026-04-27,2026-04-29,1500,1432,65,5.5,33.6,Sí,2.0,1.0
OP-0341,M-01,P-01,2,2026-04-30,2026-05-02,,600,585,14,1.3,32.3,Sí,,
OP-0167,M-04,P-04,1,2026-06-24,2026-06-27,2026-06-29,1700,1620,30,1.8,31.2,Sí,2.0,1.0
OP-0324,M-03,P-04,1,2026-07-17,2026-07-21,2026-07-21,1700,1658,78,3.8,36.9,Sin dato,0.0,0.0
OP-0210,M-02,P-01,3,2026-05-29,2026-06-02,,600,577,12,0.8,32.5,Sí,,
OP-0306,M-02,P-02,1,2026-07-17,2026-07-23,2026-07-21,1600,1592,21,0.6,31.2,Sí,-2.0,0.0
OP-0223,M-03,P-05,1,2026-04-27,2026-05-01,2026-04-29,700,693,40,2.1,35.6,Sí,-2.0,0.0
OP-0214,M-04,P-05,1,2026-03-10,2026-03-13,2026-03-13,1600,1490,32,0.2,32.9,Sí,0.0,0.0
OP-0353,M-03,P-03,2,2026-03-17,2026-03-23,2026-03-28,800,763,37,10.5,31.8,No,5.0,1.0
OP-0285,M-03,P-05,1,2026-04-01,2026-04-03,2026-04-03,1300,1276,58,4.4,33.2,Sí,0.0,0.0
OP-0043,M-03,P-04,3,2026-08-10,2026-08-15,2026-08-16,1600,1568,83,0.9,36.0,Sí,1.0,1.0
OP-0342,M-04,P-04,1,2026-03-02,2026-03-08,2026-03-09,1500,1406,27,1.5,31.5,Sí,1.0,1.0
OP-0373,M-02,P-01,1,2026-05-08,2026-05-11,2026-05-11,1800,1731,31,0.7,32.8,Sí,0.0,0.0
OP-0320,M-04,P-03,2,2026-05-11,2026-05-17,2026-05-17,1000,966,14,0.6,29.8,Sí,0.0,0.0
OP-0077,M-02,P-01,2,2026-03-18,2026-03-22,2026-03-22,1200,1128,19,1.0,31.85,Sí,0.0,0.0
OP-0343,M-04,P-04,1,2026-03-03,2026-03-09,2026-03-11,1800,1676,27,2.8,31.8,Sí,2.0,1.0
OP-0390,M-04,P-04,3,2026-04-29,2026-05-02,2026-05-03,1700,1641,25,1.4,33.3,No,1.0,1.0
OP-0074,M-01,P-01,1,2026-07-07,2026-07-09,2026-07-08,1500,1480,25,1.2,31.6,Sí,-1.0,0.0
OP-0314,M-02,P-02,1,2026-06-10,2026-06-14,2026-06-12,1000,935,14,0.1,32.4,Sí,-2.0,0.0
OP-0370,M-04,P-04,2,2026-04-06,2026-04-08,2026-04-07,1800,1716,32,0.6,34.1,Sí,-1.0,0.0
OP-0153,M-01,P-02,2,2026-04-10,2026-04-16,2026-04-16,1500,1442,26,0.1,33.2,Sí,0.0,0.0
OP-0033,M-02,P-02,2,2026-05-27,2026-05-30,2026-05-31,1300,1298,17,3.4,33.4,Sí,1.0,1.0
OP-0016,M-01,P-02,1,2026-04-03,2026-04-09,2026-04-09,1800,1740,39,2.6,31.8,Sí,0.0,0.0
OP-0148,M-03,P-05,1,2026-03-31,2026-04-06,2026-04-07,700,675,38,4.9,34.1,Sí,1.0,1.0
OP-0255,M-01,P-01,2,2026-04-22,2026-04-26,2026-04-26,1500,1470,29,3.0,33.5,Sí,0.0,0.0
OP-0036,M-01,P-02,1,2026-06-24,2026-06-26,2026-06-28,1100,1082,34,2.2,34.1,Sí,2.0,1.0
OP-0226,M-04,P-03,3,2026-07-16,2026-07-20,2026-07-20,1000,961,16,4.3,30.1,Sí,0.0,0.0
OP-0173,M-01,P-01,1,2026-04-20,2026-04-26,2026-04-28,500,483,7,9.5,28.3,Sí,2.0,1.0
OP-0334,M-04,P-05,2,2026-04-22,2026-04-24,2026-04-24,1000,961,8,3.5,31.8,Sí,0.0,0.0
OP-0018,M-01,P-01,2,2026-06-01,2026-06-05,2026-06-08,1100,1084,20,2.8,31.6,No,3.0,1.0
OP-0157,M-02,P-02,3,2026-07-13,2026-07-19,2026-07-20,700,651,8,2.5,32.0,Sí,1.0,1.0
OP-0405,M-04,P-03,3,2026-03-10,2026-03-14,2026-03-16,1200,1173,21,0.4,32.0,No,2.0,1.0
OP-0349,M-03,P-04,1,2026-07-09,2026-07-15,2026-07-16,700,677,38,1.6,34.9,Sí,1.0,1.0
OP-0367,M-04,P-04,3,2026-04-21,2026-04-27,2026-04-28,800,769,9,1.8,29.7,Sí,1.0,1.0
OP-0318,M-03,P-05,1,2026-04-14,2026-04-20,2026-04-22,700,667,34,8.9,35.0,Sí,2.0,1.0
OP-0065,M-03,P-03,1,2026-08-07,2026-08-10,2026-08-15,1400,1372,55,22.9,33.3,Sí,5.0,1.0
OP-0011,M-02,P-02,3,2026-04-16,2026-04-22,2026-04-23,500,493,6,2.1,28.6,Sí,1.0,1.0
OP-0376,M-01,P-01,1,2026-05-11,2026-05-15,2026-05-14,1600,1542,37,0.3,30.7,Sí,-1.0,0.0
OP-0112,M-01,P-02,2,2026-07-08,2026-07-13,2026-07-14,700,666,12,1.0,31.8,Sí,1.0,1.0
OP-0402,M-04,P-03,2,2026-03-17,2026-03-22,2026-03-25,900,850,16,1.8,31.5,No,3.0,1.0
OP-0381,M-03,P-05,2,2026-06-18,2026-06-22,2026-06-23,600,598,31,0.2,33.6,Sí,1.0,1.0
OP-0340,M-04,P-04,2,2026-03-11,2026-03-15,2026-03-14,1500,1434,20,1.8,30.4,Sí,-1.0,0.0
OP-0094,M-02,P-01,1,2026-04-07,2026-04-11,2026-04-11,600,595,10,0.7,31.4,Sí,0.0,0.0
OP-0411,M-03,P-05,2,2026-04-02,2026-04-04,2026-04-04,700,669,30,0.9,34.1,Sí,0.0,0.0
OP-0294,M-01,P-01,3,2026-04-07,2026-04-13,2026-04-13,500,478,10,3.4,29.7,Sí,0.0,0.0
OP-0262,M-04,P-03,1,2026-07-06,2026-07-12,2026-07-14,1700,1635,22,0.2,31.9,No,2.0,1.0
OP-0101,M-04,P-03,3,2026-04-30,2026-05-06,2026-05-05,1000,942,14,1.0,33.5,Sí,-1.0,0.0
OP-0066,M-03,P-05,2,2026-08-03,2026-08-07,2026-08-11,1000,974,39,2.6,32.8,No,4.0,1.0
OP-0315,M-02,P-02,1,2026-05-01,2026-05-04,2026-05-05,800,771,13,1.3,34.1,No,1.0,1.0
OP-0242,M-04,P-04,3,2026-05-06,2026-05-10,2026-05-10,700,666,12,0.6,28.9,Sí,0.0,0.0
OP-0150,M-01,P-02,2,2026-05-11,2026-05-17,2026-05-19,1100,1061,20,4.6,31.2,Sí,2.0,1.0
OP-0415,M-01,P-01,2,2026-03-18,2026-03-24,2026-03-25,1800,1787,39,4.1,30.7,Sí,1.0,1.0
OP-0344,M-03,P-04,1,2026-04-06,2026-04-11,2026-04-12,600,568,20,0.6,34.9,Sí,1.0,1.0
OP-0418,M-04,P-05,3,2026-05-28,2026-06-02,2026-06-02,1700,1640,27,2.1,31.6,Sí,0.0,0.0
OP-0149,M-02,P-02,1,2026-03-26,2026-03-28,2026-03-30,800,796,7,2.7,32.3,Sí,2.0,1.0
OP-0345,M-04,P-03,3,2026-06-09,2026-06-11,2026-06-14,1000,962,12,3.5,30.6,Sí,3.0,1.0
OP-0369,M-02,P-02,3,2026-03-05,2026-03-07,2026-03-07,500,470,7,0.3,32.3,Sí,0.0,0.0
OP-0253,M-02,P-02,3,2026-06-29,2026-07-02,2026-07-01,1400,1378,22,1.5,31.85,Sin dato,-1.0,0.0
OP-0322,M-02,P-01,1,2026-07-06,2026-07-11,2026-07-10,1100,1057,17,3.0,32.3,Sí,-1.0,0.0
OP-0186,M-03,P-04,3,2026-07-17,2026-07-20,2026-07-24,1700,1683,76,4.5,35.3,Sí,4.0,1.0
OP-0142,M-02,P-02,1,2026-06-19,2026-06-24,2026-06-25,1600,1543,31,3.8,31.5,Sí,1.0,1.0
OP-0119,M-02,P-01,1,2026-04-17,2026-04-19,2026-04-19,1000,969,17,2.5,29.8,Sí,0.0,0.0
OP-0288,M-02,P-01,3,2026-08-12,2026-08-15,2026-08-17,1000,989,11,1.8,32.9,Sí,2.0,1.0
OP-0120,M-03,P-04,3,2026-04-02,2026-04-08,2026-04-09,800,779,26,4.6,32.0,Sí,1.0,1.0
OP-0039,M-01,P-01,3,2026-05-29,2026-05-31,2026-05-31,800,781,17,2.2,30.8,Sí,0.0,0.0
OP-0374,M-02,P-02,1,2026-04-03,2026-04-09,2026-04-09,800,791,9,2.7,31.4,Sí,0.0,0.0
OP-0081,M-03,P-04,2,2026-06-25,2026-07-01,,900,858,33,0.3,33.1,No,,
OP-0307,M-02,P-02,1,2026-05-01,2026-05-04,2026-05-03,1500,1422,21,6.1,31.7,Sí,-1.0,0.0
OP-0085,M-01,P-02,2,2026-06-16,2026-06-21,2026-06-21,1000,938,18,1.1,33.7,Sí,0.0,0.0
OP-0225,M-02,P-01,2,2026-07-03,2026-07-05,2026-07-07,600,583,10,1.1,31.4,No,2.0,1.0
OP-0020,M-03,P-05,2,2026-06-26,2026-06-30,2026-06-30,1100,1079,55,2.0,35.1,Sí,0.0,0.0
OP-0073,M-04,P-04,2,2026-08-14,2026-08-18,2026-08-18,500,496,11,1.7,31.9,Sí,0.0,0.0
OP-0265,M-04,P-04,2,2026-07-07,2026-07-13,2026-07-11,900,889,16,0.3,31.4,Sí,-2.0,0.0
OP-0041,M-02,P-01,2,2026-06-26,2026-06-30,2026-06-27,1500,1398,25,1.6,33.4,Sí,-3.0,0.0
OP-0111,M-02,P-02,2,2026-06-25,2026-07-01,2026-07-03,1600,1574,27,3.0,31.9,Sí,2.0,1.0
OP-0304,M-02,P-02,3,2026-06-02,2026-06-08,2026-06-10,1200,1136,16,6.2,32.9,Sí,2.0,1.0
OP-0395,M-01,P-02,1,2026-05-11,2026-05-15,2026-05-15,600,574,12,2.0,34.3,Sí,0.0,0.0
OP-0049,M-03,P-04,1,2026-07-21,2026-07-24,2026-07-23,1700,1585,76,0.4,34.1,Sí,-1.0,0.0
OP-0019,M-04,P-04,2,2026-06-01,2026-06-05,2026-06-06,1200,1197,16,1.5,30.0,No,1.0,1.0
OP-0044,M-02,P-02,1,2026-06-11,2026-06-15,2026-06-15,1600,1551,20,1.2,28.9,Sí,0.0,0.0
OP-0274,M-03,P-04,1,2026-05-06,2026-05-10,2026-05-11,1800,1796,91,2.7,34.7,Sí,1.0,1.0
OP-0091,M-01,P-01,1,2026-04-30,2026-05-06,2026-05-07,1500,1456,21,7.4,32.8,Sí,1.0,1.0
OP-0276,M-02,P-01,2,2026-08-13,2026-08-19,2026-08-22,800,798,17,2.1,30.6,Sí,3.0,1.0
OP-0335,M-01,P-02,2,2026-05-15,2026-05-20,2026-05-19,800,767,19,1.4,31.9,Sí,-1.0,0.0
OP-0161,M-01,P-01,2,2026-03-04,2026-03-06,2026-03-07,1000,932,13,4.2,32.3,Sí,1.0,1.0
OP-0115,M-01,P-01,1,2026-03-19,2026-03-21,2026-03-21,1600,1590,29,1.1,31.6,No,0.0,0.0
OP-0329,M-03,P-05,3,2026-07-06,2026-07-09,2026-07-11,600,564,29,2.7,32.9,Sí,2.0,1.0
OP-0069,M-01,P-02,2,2026-08-05,2026-08-11,2026-08-12,1300,1252,22,4.3,32.3,No,1.0,1.0
OP-0216,M-03,P-05,1,2026-03-02,2026-03-04,2026-03-05,1600,1508,67,1.2,33.2,Sí,1.0,1.0
OP-0132,M-04,P-04,1,2026-03-12,2026-03-18,2026-03-22,1100,1057,12,7.2,31.7,Sí,4.0,1.0
OP-0002,M-02,P-01,1,2026-06-22,2026-06-24,2026-06-24,1800,1777,21,2.4,35.1,Sí,0.0,0.0
OP-0188,M-01,P-02,1,2026-07-16,2026-07-19,2026-07-19,1700,1605,37,1.9,32.1,Sí,0.0,0.0
OP-0228,M-03,P-03,2,2026-03-30,2026-04-05,2026-04-06,800,748,23,4.5,33.1,Sí,1.0,1.0
OP-0179,M-04,P-04,3,2026-05-01,2026-05-03,2026-05-02,500,474,14,1.2,31.6,Sí,-1.0,0.0
OP-0328,M-03,P-03,2,2026-05-05,2026-05-08,2026-05-11,1400,1316,52,7.2,35.2,Sí,3.0,1.0
OP-0182,M-04,P-03,3,2026-04-29,2026-05-04,2026-05-06,1800,1799,27,1.4,31.5,Sí,2.0,1.0
OP-0134,M-02,P-01,3,2026-03-24,2026-03-27,2026-03-28,1500,1420,24,7.4,31.7,Sí,1.0,1.0
OP-0249,M-02,P-01,1,2026-04-03,2026-04-07,2026-04-07,500,466,5,2.3,32.2,Sí,0.0,0.0
OP-0284,M-01,P-02,3,2026-05-06,2026-05-08,2026-05-12,1500,1411,33,4.1,31.5,No,4.0,1.0
OP-0169,M-02,P-02,1,2026-03-20,2026-03-25,2026-03-27,1700,1630,18,5.5,31.5,No,2.0,1.0
OP-0336,M-03,P-03,1,2026-06-03,2026-06-05,2026-06-06,1700,1643,72,7.6,35.1,Sí,1.0,1.0
OP-0264,M-01,P-01,2,2026-03-20,2026-03-26,2026-03-28,600,565,10,2.6,30.6,Sí,2.0,1.0
OP-0143,M-04,P-03,3,2026-05-15,2026-05-17,2026-05-18,800,774,14,1.8,31.3,Sí,1.0,1.0
OP-0246,M-04,P-03,2,2026-04-13,2026-04-17,2026-04-18,1800,1680,22,1.8,29.1,Sí,1.0,1.0
OP-0301,M-04,P-04,2,2026-03-02,2026-03-06,2026-03-10,700,693,9,1.8,33.4,No,4.0,1.0
OP-0028,M-01,P-02,2,2026-06-15,2026-06-19,2026-06-17,800,767,18,0.6,31.8,Sí,-2.0,0.0
OP-0139,M-04,P-03,2,2026-05-20,2026-05-25,2026-05-27,700,675,5,3.9,31.5,Sí,2.0,1.0
OP-0364,M-01,P-02,2,2026-06-08,2026-06-10,2026-06-10,800,796,16,0.7,32.5,No,0.0,0.0
OP-0090,M-02,P-01,1,2026-06-08,2026-06-14,2026-06-13,1700,1679,28,2.1,30.7,Sí,-1.0,0.0
OP-0407,M-02,P-02,2,2026-05-18,2026-05-23,2026-05-24,1300,1241,14,5.3,32.2,Sí,1.0,1.0
OP-0024,M-04,P-03,1,2026-06-11,2026-06-14,2026-06-11,500,487,11,1.3,29.5,Sí,-3.0,0.0
OP-0097,M-02,P-01,1,2026-04-17,2026-04-23,2026-04-24,1600,1568,29,2.0,32.1,Sí,1.0,1.0
OP-0080,M-04,P-04,2,2026-05-15,2026-05-18,2026-05-21,1500,1492,22,2.1,29.6,No,3.0,1.0
OP-0193,M-01,P-02,3,2026-04-09,2026-04-15,2026-04-16,1500,1498,33,2.8,32.8,Sí,1.0,1.0
OP-0243,M-01,P-02,1,2026-06-01,2026-06-04,2026-06-01,1500,1445,31,4.3,32.1,Sí,-3.0,0.0
OP-0371,M-03,P-03,1,2026-07-29,2026-07-31,2026-07-31,1200,1199,59,1.8,34.8,Sí,0.0,0.0
OP-0172,M-02,P-01,2,2026-04-23,2026-04-28,2026-04-28,1500,1490,27,6.2,30.5,Sí,0.0,0.0
OP-0327,M-04,P-04,1,2026-03-26,2026-04-01,2026-03-31,1500,1446,16,2.9,33.1,Sí,-1.0,0.0
OP-0068,M-02,P-01,1,2026-07-21,2026-07-24,2026-07-25,1000,967,14,1.0,32.0,Sí,1.0,1.0
OP-0146,M-01,P-02,2,2026-07-17,2026-07-21,2026-07-21,1000,935,17,4.9,31.8,Sí,0.0,0.0
OP-0409,M-01,P-01,3,2026-05-07,2026-05-09,2026-05-11,600,588,10,0.3,32.1,Sí,2.0,1.0
OP-0082,M-02,P-01,3,2026-04-09,2026-04-12,2026-04-13,600,565,13,0.4,30.8,Sí,1.0,1.0
OP-0232,M-02,P-02,3,2026-07-23,2026-07-25,2026-07-27,1800,1697,26,3.5,30.8,Sí,2.0,1.0
OP-0038,M-02,P-01,2,2026-03-04,2026-03-10,2026-03-11,1700,1653,18,5.0,31.3,Sí,1.0,1.0
OP-0331,M-03,P-04,1,2026-03-23,2026-03-25,2026-03-27,700,653,30,4.6,35.9,Sí,2.0,1.0
OP-0386,M-04,P-04,1,2026-04-30,2026-05-06,2026-05-08,1500,1493,27,1.9,32.1,No,2.0,1.0
OP-0141,M-02,P-01,1,2026-04-07,2026-04-11,2026-04-12,1100,1094,19,1.4,30.4,Sí,1.0,1.0
OP-0035,M-02,P-02,1,2026-05-13,2026-05-19,2026-05-18,500,476,4,2.0,31.85,Sí,-1.0,0.0
OP-0389,M-01,P-01,2,2026-05-28,2026-05-30,2026-06-02,1000,948,18,7.2,30.8,Sí,3.0,1.0
OP-0126,M-02,P-01,2,2026-06-12,2026-06-14,2026-06-14,1200,1173,16,3.6,32.0,Sí,0.0,0.0
OP-0237,M-02,P-01,3,2026-05-15,2026-05-21,2026-05-22,1300,1269,12,3.0,31.5,Sí,1.0,1.0
OP-0302,M-01,P-02,2,2026-06-03,2026-06-09,2026-06-10,700,670,6,4.0,31.6,Sí,1.0,1.0
OP-0417,M-01,P-02,3,2026-06-25,2026-06-30,2026-07-02,500,466,12,3.4,31.0,No,2.0,1.0
OP-0254,M-01,P-02,2,2026-05-18,2026-05-23,2026-05-20,700,691,12,0.9,33.9,Sí,-3.0,0.0
OP-0177,M-02,P-01,2,2026-04-06,2026-04-08,2026-04-07,1300,1229,18,3.3,33.3,Sí,-1.0,0.0
OP-0093,M-02,P-01,1,2026-04-17,2026-04-19,2026-04-21,1200,1169,16,4.1,33.1,Sí,2.0,1.0
OP-0110,M-04,P-05,1,2026-03-24,2026-03-26,2026-03-29,1400,1310,20,5.8,33.9,No,3.0,1.0
OP-0281,M-01,P-02,1,2026-03-31,2026-04-05,2026-04-04,1400,1362,21,0.6,32.0,Sí,-1.0,0.0
OP-0339,M-01,P-02,1,2026-07-21,2026-07-26,2026-07-26,1800,1751,35,1.5,30.5,Sí,0.0,0.0
OP-0072,M-02,P-02,2,2026-07-03,2026-07-06,2026-07-06,1200,1133,23,1.2,32.1,Sí,0.0,0.0
OP-0162,M-04,P-03,2,2026-08-14,2026-08-16,2026-08-15,600,582,6,1.8,32.1,Sí,-1.0,0.0
OP-0333,M-03,P-03,1,2026-03-27,2026-03-29,2026-03-29,1400,1316,51,2.1,34.5,Sí,0.0,0.0
OP-0338,M-03,P-05,3,2026-06-23,2026-06-28,2026-06-29,800,746,27,4.3,33.0,Sí,1.0,1.0
OP-0092,M-03,P-04,3,2026-05-08,2026-05-14,2026-05-21,800,787,30,21.3,33.2,No,7.0,1.0
OP-0192,M-01,P-01,2,2026-04-23,2026-04-25,2026-04-26,1100,1057,16,2.6,29.5,Sí,1.0,1.0
OP-0410,M-04,P-03,1,2026-03-20,2026-03-25,2026-03-25,1500,1444,25,4.4,31.8,No,0.0,0.0
